traj_id,path,timestamp,driver_id,driver_traj_id,has_passenger
0,"[25871, 25873, 25875, 1517, 12334, 12589, 8034]","[1446336000, 1446336030, 1446336059, 1446336089, 1446336119, 1446336149, 1446336179]",5c6e74fa89a8b7ffaf1a75960138c629,0,0
1,"[26825, 23266, 23273, 28972, 15976, 299, 33385, 28481, 33387, 33390, 33391, 25941, 15259, 357, 22035, 26321, 615, 24669, 26316, 24670, 154, 16795, 16875, 153, 151, 150, 149, 2848, 2847, 1206, 22038, 40065, 40068, 20830, 21520, 24856, 2845, 2844, 2842, 27242, 7251, 20209, 7249, 24350, 8797, 24347, 8800, 36544, 36540, 24388, 7235, 7237, 7239, 22982, 7240, 19325, 19323, 12574, 21171, 1212, 12592, 12508, 12557, 5734, 1896, 5726, 37310, 37307, 2757, 1892, 1890]","[1446336000, 1446336058, 1446336060, 1446336099, 1446336117, 1446336119, 1446336120, 1446336187, 1446336195, 1446336224, 1446336238, 1446336239, 1446336299, 1446336319, 1446336359, 1446336382, 1446336399, 1446336410, 1446336419, 1446336434, 1446336440, 1446336446, 1446336449, 1446336464, 1446336473, 1446336481, 1446336493, 1446336496, 1446336515, 1446336541, 1446336601, 1446336721, 1446336722, 1446336725, 1446336728, 1446336751, 1446336753, 1446336761, 1446336772, 1446336781, 1446336792, 1446336802, 1446336813, 1446336826, 1446336841, 1446336844, 1446336862, 1446336869, 1446336873, 1446336875, 1446336896, 1446336901, 1446336952, 1446336961, 1446337000, 1446337003, 1446337021, 1446337160, 1446337201, 1446337202, 1446337227, 1446337262, 1446337321, 1446337377, 1446337381, 1446337417, 1446337443, 1446337503, 1446337617, 1446337623, 1446337683]",49417add005dd7a37887d5446efafdc5,0,0
2,"[21259, 21233, 16927, 540, 706, 16866, 413, 16872, 419, 421, 422, 16795, 16875, 153, 151, 150, 149, 2848, 2847]","[1446336000, 1446336007, 1446336028, 1446336040, 1446336050, 1446336060, 1446336114, 1446336120, 1446336148, 1446336148, 1446336151, 1446336175, 1446336175, 1446336180, 1446336192, 1446336202, 1446336216, 1446336218, 1446336240]",576fc6f7176b58a774bdfd734a15489c,0,1
3,"[3445, 3442, 19879, 3441, 19880, 14089, 14086, 15848, 15864, 15835, 3311, 6805, 27335, 20063, 6804, 20519, 24659, 18855, 20065, 20067, 20070, 21012, 20074, 21016, 8346, 21018, 21023, 8351, 18860, 21029, 21032, 2719, 17452, 17456, 17458, 8175, 21788, 2342, 2345, 17469, 12587, 2315, 2348, 19309, 21040, 22039, 2317, 16874, 16721, 14546, 14562, 22710, 4187, 21105, 889, 36723, 2349, 6458, 22975, 52, 4190, 31132]","[1446336000, 1446336059, 1446336060, 1446336178, 1446336180, 1446336204, 1446336211, 1446336214, 1446336216, 1446336230, 1446336234, 1446336236, 1446336240, 1446336277, 1446336293, 1446336295, 1446336300, 1446336327, 1446336355, 1446336360, 1446336420, 1446336420, 1446336480, 1446336509, 1446336511, 1446336516, 1446336540, 1446336560, 1446336563, 1446336597, 1446336600, 1446336660, 1446336712, 1446336717, 1446336720, 1446336725, 1446336746, 1446336750, 1446336751, 1446336752, 1446336768, 1446336771, 1446336775, 1446336780, 1446336864, 1446336887, 1446336893, 1446336900, 1446336909, 1446336927, 1446336932, 1446336940, 1446336955, 1446336955, 1446336960, 1446336983, 1446336984, 1446337004, 1446337020, 1446337057, 1446337143, 1446337200]",a05b55f37a261fb8f9dfaaaabc98a8a7,0,1
4,"[12518, 38855, 38853, 38850, 21093, 8030]","[1446336000, 1446336017, 1446336018, 1446336018, 1446336030, 1446336120]",82b6e9f16fa096ce0efedbf0b84be495,0,1
5,"[3961, 27542, 27541, 19671, 17853, 17852, 17858, 17845, 34944, 17847, 17865, 17874, 8251, 1898, 23040, 5213, 5193, 21008, 20067, 20070, 21012, 20074, 21016, 8346, 21018, 21023, 8351, 18860, 21029, 21031, 21035, 24653, 4049, 6042, 4051, 18673, 5826]","[1446336000, 1446336050, 1446336060, 1446336139, 1446336142, 1446336150, 1446336180, 1446336191, 1446336206, 1446336210, 1446336240, 1446336287, 1446336301, 1446336331, 1446336361, 1446336377, 1446336391, 1446336421, 1446336451, 1446336499, 1446336499, 1446336511, 1446336559, 1446336563, 1446336571, 1446336631, 1446336657, 1446336661, 1446336683, 1446336684, 1446336691, 1446336704, 1446336721, 1446336871, 1446336901, 1446336978, 1446337021]",4c80fdbc941e822774c7b255923a483e,0,1
6,"[523, 19468, 525, 18233, 527, 528, 1877, 19481, 19487, 19492, 19494, 561, 15955, 563, 23009, 19349, 19351, 16856, 16862, 706, 16866, 413, 16872, 419, 421, 422, 16795, 16875, 153, 151, 150, 149, 2848, 2847, 1206, 22038]","[1446336000, 1446336006, 1446336060, 1446336091, 1446336093, 1446336120, 1446336126, 1446336180, 1446336200, 1446336235, 1446336240, 1446336291, 1446336300, 1446336314, 1446336324, 1446336359, 1446336360, 1446336420, 1446336480, 1446336509, 1446336512, 1446336537, 1446336540, 1446336594, 1446336595, 1446336600, 1446336644, 1446336646, 1446336655, 1446336660, 1446336673, 1446336689, 1446336693, 1446336720, 1446336744, 1446336780]",6f27848c516287146d8fc003f4667f99,0,1
7,"[28160, 40144, 22983, 40149, 37341, 37348, 12214, 12402, 1895, 22060, 2771, 2768, 2742, 38862, 14282, 1507, 23557, 29736, 9742, 17517, 2353, 2355, 14273, 2856, 105, 1967, 2867, 24800, 2359, 2327, 3847, 3848, 3827, 14305, 7440, 14318, 14307, 14286, 3985, 14313, 19631, 5381, 3986, 3988, 644, 18333, 646, 647, 649, 14287, 650, 22859, 22857, 23488, 22853, 22850, 24816, 1653]","[1446336000, 1446336103, 1446336106, 1446336116, 1446336151, 1446336180, 1446336240, 1446336262, 1446336300, 1446336358, 1446336360, 1446336404, 1446336480, 1446336520, 1446336525, 1446336528, 1446336529, 1446336535, 1446336540, 1446336541, 1446336544, 1446336549, 1446336557, 1446336601, 1446336624, 1446336633, 1446336640, 1446336647, 1446336661, 1446336670, 1446336676, 1446336696, 1446336702, 1446336709, 1446336717, 1446336721, 1446336728, 1446336748, 1446336754, 1446336759, 1446336767, 1446336781, 1446336800, 1446336841, 1446336843, 1446336845, 1446336848, 1446336850, 1446336853, 1446336865, 1446336868, 1446336901, 1446336959, 1446336961, 1446337022, 1446337069, 1446337082, 1446337142]",dfa0126c4640857ed469eb3c81e0e229,0,1
8,"[27914, 30272, 27906, 27893, 27891, 27889, 27887, 27882, 27876, 20812, 40067, 40069, 40072, 36517, 2837, 22036, 16800, 1205, 2839, 16799, 16798, 14025, 145, 137, 16796, 16793, 29594, 24665, 618, 16782, 16781, 16780, 21239, 20809, 1468, 21234, 1463, 801, 803, 1427, 20798, 543, 16870, 1470, 541, 7460, 7461, 21230, 14189, 545, 23985, 546, 25602, 16858, 770, 29404, 39985, 39988, 548, 23981, 25206, 25204, 25202, 25200, 25197, 4495, 19563, 4497, 4500, 19558, 4501, 4505, 4508, 4509, 21953, 22805, 21943, 21362, 22800]","[1446336000, 1446336029, 1446336040, 1446336056, 1446336057, 1446336058, 1446336060, 1446336103, 1446336120, 1446336156, 1446336176, 1446336179, 1446336180, 1446336180, 1446336195, 1446336213, 1446336225, 1446336226, 1446336231, 1446336234, 1446336240, 1446336244, 1446336247, 1446336252, 1446336256, 1446336260, 1446336268, 1446336277, 1446336281, 1446336288, 1446336299, 1446336300, 1446336316, 1446336318, 1446336319, 1446336328, 1446336336, 1446336351, 1446336360, 1446336376, 1446336376, 1446336389, 1446336393, 1446336397, 1446336405, 1446336406, 1446336416, 1446336420, 1446336425, 1446336426, 1446336432, 1446336458, 1446336465, 1446336475, 1446336480, 1446336540, 1446336585, 1446336589, 1446336603, 1446336620, 1446336660, 1446336699, 1446336704, 1446336705, 1446336710, 1446336720, 1446336808, 1446336809, 1446336840, 1446336958, 1446336960, 1446337020, 1446337140, 1446337181, 1446337200, 1446337248, 1446337256, 1446337259, 1446337260]",40c5935d67139ce441b49a37a757c67c,0,1
9,"[61, 8624, 8622, 64, 1524, 66, 67, 21579, 4189, 16719, 16727, 14548, 16751, 18965, 22882, 16767, 16768, 16658, 477, 2302, 478, 28657, 479, 18150, 2440, 24190, 5527, 39246, 21047, 18974, 18977, 21049, 31939, 38996, 16527, 2454, 1160, 16523, 28652, 13706]","[1446336001, 1446336028, 1446336035, 1446336061, 1446336110, 1446336121, 1446336146, 1446336159, 1446336163, 1446336173, 1446336179, 1446336181, 1446336211, 1446336241, 1446336250, 1446336268, 1446336294, 1446336301, 1446336309, 1446336310, 1446336324, 1446336331, 1446336332, 1446336335, 1446336361, 1446336371, 1446336380, 1446336401, 1446336411, 1446336421, 1446336426, 1446336434, 1446336458, 1446336481, 1446336541, 1446336598, 1446336601, 1446336671, 1446336693, 1446336721]",ce08ffd9740d1fb8721b19ec28931e17,0,1
10,"[16694, 21069, 21576, 16691, 20103, 21101, 16697, 67, 21579, 4189, 16719, 16727, 14548, 16751, 18965, 22882, 16767, 16769, 2297, 2295, 2294, 22700, 16663, 947, 17633, 17641, 17439, 8225, 5786, 21146, 17271, 8220, 8223, 17281, 17282]","[1446336001, 1446336021, 1446336068, 1446336104, 1446336121, 1446336121, 1446336136, 1446336142, 1446336160, 1446336166, 1446336181, 1446336191, 1446336196, 1446336241, 1446336272, 1446336277, 1446336287, 1446336301, 1446336340, 1446336348, 1446336351, 1446336355, 1446336394, 1446336421, 1446336440, 1446336445, 1446336481, 1446336526, 1446336541, 1446336601, 1446336638, 1446336641, 1446336645, 1446336695, 1446336713]",0d0d091df8c4bddc2e92aab92674570f,0,1
11,"[30711, 24812, 19110, 19105, 19106, 3040, 3021, 19103, 19102, 19099, 19087, 3025, 19085, 3029, 27520, 701, 19040, 687, 698, 15032, 15030, 15037, 10518, 10365, 695, 19191, 693, 18780, 19006, 18778, 18777, 10774, 18773]","[1446336001, 1446336025, 1446336026, 1446336031, 1446336040, 1446336045, 1446336048, 1446336053, 1446336055, 1446336061, 1446336179, 1446336182, 1446336211, 1446336242, 1446336265, 1446336268, 1446336272, 1446336287, 1446336297, 1446336301, 1446336361, 1446336391, 1446336416, 1446336418, 1446336421, 1446336520, 1446336527, 1446336535, 1446336542, 1446336902, 1446336921, 1446336932, 1446336962]",096e6a3a7bad0dd9dc0375ae8eb338be,0,0
12,"[5238, 15848, 15864, 15835, 3310, 3312, 23035, 18853, 501, 8253, 17842, 19622, 19617, 8296, 8300, 8293, 502, 20061, 503, 2673, 504, 4016, 4015, 2690, 31679, 31680, 18784, 31693, 37755, 31701, 34823, 37717, 37614, 37763, 37762, 37759, 37631, 37752, 37654, 37749, 37728, 37629, 31696, 25638, 31686, 31687, 2003, 2000, 1992, 1993, 1995, 14437, 2039, 14433, 14441, 14432, 15102]","[1446336001, 1446336051, 1446336062, 1446336088, 1446336095, 1446336098, 1446336122, 1446336133, 1446336137, 1446336145, 1446336169, 1446336182, 1446336210, 1446336214, 1446336220, 1446336229, 1446336235, 1446336242, 1446336281, 1446336294, 1446336300, 1446336310, 1446336362, 1446336366, 1446336377, 1446336378, 1446336381, 1446336387, 1446336387, 1446336394, 1446336394, 1446336395, 1446336402, 1446336402, 1446336402, 1446336409, 1446336421, 1446336422, 1446336455, 1446336456, 1446336489, 1446336490, 1446336492, 1446336506, 1446336539, 1446336542, 1446336581, 1446336594, 1446336602, 1446336634, 1446336642, 1446336644, 1446336662, 1446336698, 1446336704, 1446336714, 1446336722]",1302bdb58b840ed97e2c0f1d0549ba31,0,1
13,"[24811, 29953, 23671, 23695, 23700, 23675, 23698, 289, 20789, 20796, 20797, 20799, 280, 19354, 359, 26917, 23289, 23992, 26904, 26922, 26916, 28120, 23989, 307, 24853, 19572, 1247, 309]","[1446336002, 1446336035, 1446336043, 1446336055, 1446336062, 1446336069, 1446336085, 1446336100, 1446336102, 1446336122, 1446336152, 1446336156, 1446336157, 1446336179, 1446336182, 1446336469, 1446336475, 1446336512, 1446336535, 1446336595, 1446336621, 1446336655, 1446336668, 1446336715, 1446336775, 1446336779, 1446336835, 1446336895]",92fcab48e59419b91100e046d17a1001,0,0
14,"[6593, 6589, 6594, 39548, 2972, 2979, 23051, 2977, 1014, 17568, 16941, 16943, 16948, 3050, 4936, 17586, 26714, 3047, 3064, 3061, 23568, 11893, 39380, 11918, 36080, 11872, 23571, 3046, 4485, 25285, 4480, 12040, 1078, 1099, 5030, 12024, 5031, 11904, 15039, 25432, 11878, 11889, 11794, 19117, 19119, 3069, 14363, 14372, 14338, 14357, 1970, 1965, 1477, 1475, 1479, 23585, 19372, 1480]","[1446336002, 1446336005, 1446336009, 1446336062, 1446336152, 1446336182, 1446336187, 1446336225, 1446336242, 1446336245, 1446336246, 1446336248, 1446336254, 1446336302, 1446336339, 1446336340, 1446336362, 1446336376, 1446336383, 1446336385, 1446336418, 1446336422, 1446336441, 1446336455, 1446336457, 1446336473, 1446336481, 1446336482, 1446336511, 1446336541, 1446336542, 1446336581, 1446336582, 1446336600, 1446336602, 1446336642, 1446336645, 1446336662, 1446336681, 1446336722, 1446336752, 1446336770, 1446336782, 1446336819, 1446336842, 1446336863, 1446336902, 1446336916, 1446336928, 1446336937, 1446336962, 1446336985, 1446337007, 1446337022, 1446337046, 1446337069, 1446337080, 1446337082]",72bd536baa20dc3c988a41ba6b30ecb0,0,0
15,"[11895, 11993, 11896, 12011, 11830, 4943, 12020, 11874, 1083, 4476, 11862]","[1446336002, 1446336062, 1446336122, 1446336140, 1446336154, 1446336172, 1446336177, 1446336182, 1446336204, 1446336206, 1446336242]",cd43f5545253f51bda82fc082b92d2f4,0,0
16,"[27509, 36788, 29247, 23163, 14407, 14388, 6868, 13090, 6867, 1965, 1476, 14332, 17479, 17478, 24693, 25828]","[1446336002, 1446336023, 1446336032, 1446336058, 1446336062, 1446336081, 1446336082, 1446336091, 1446336094, 1446336098, 1446336122, 1446336182, 1446336240, 1446336242, 1446336284, 1446336302]",5845cfdfd233d2aa38c205c68f7a523f,0,1
17,"[22870, 22872, 14320, 14310, 14158, 20780, 30740, 20752, 2861, 668, 5353, 16789, 135, 138, 140, 16819, 16829, 19269, 22102]","[1446336002, 1446336005, 1446336018, 1446336027, 1446336062, 1446336070, 1446336106, 1446336119, 1446336122, 1446336183, 1446336243, 1446336255, 1446336271, 1446336283, 1446336303, 1446336358, 1446336363, 1446336423, 1446336483]",becc6f263ab99309f30d18b2ec3d195a,0,1
18,"[25234, 10431, 25235, 685, 18782, 19018, 3032, 3030, 5830, 39566, 19005, 3007, 18781, 3008, 15025, 15027, 15033]","[1446336002, 1446336007, 1446336013, 1446336032, 1446336062, 1446336105, 1446336107, 1446336109, 1446336110, 1446336115, 1446336122, 1446336163, 1446336173, 1446336174, 1446336181, 1446336188, 1446336211]",f2199d3bcb327838d7f71d6d0302a85e,0,1
19,"[36051, 36047, 19060, 19295, 19069, 19072]","[1446336003, 1446336063, 1446336086, 1446336123, 1446336179, 1446336183]",5c3f1c5242443be1fd19f9da523a11f9,0,0
20,"[10815, 23581, 10948, 23578, 11243, 1019, 1044, 1039, 10921, 1038, 1059, 7366, 1056, 10608, 10890, 1051, 10882, 39593, 11133, 10871, 1047, 18773, 10959, 2521, 4116, 10866, 4113, 29717, 5092, 26584, 4197, 4196, 39568, 7396]","[1446336003, 1446336021, 1446336078, 1446336082, 1446336142, 1446336150, 1446336189, 1446336202, 1446336233, 1446336262, 1446336296, 1446336322, 1446336352, 1446336377, 1446336383, 1446336405, 1446336411, 1446336424, 1446336427, 1446336443, 1446336455, 1446336459, 1446336503, 1446336523, 1446336545, 1446336563, 1446336581, 1446336584, 1446336622, 1446336661, 1446336668, 1446336676, 1446336682, 1446336743]",1ae93fb998fe5350a5aec3a73d7e93d4,0,0
21,"[21025, 21020, 8344, 20073, 500, 18858, 21009, 5203, 5211, 23039, 501, 8252, 17872, 17867, 34949, 34947, 17844, 17852, 17857, 17856]","[1446336003, 1446336047, 1446336063, 1446336093, 1446336123, 1446336153, 1446336183, 1446336202, 1446336213, 1446336229, 1446336243, 1446336251, 1446336254, 1446336261, 1446336271, 1446336273, 1446336290, 1446336303, 1446336334, 1446336364]",1ea6839606c1f9d7448c05baf59ae22f,0,1
22,"[1229, 1230, 2504, 13861, 7453, 313, 29388, 319]","[1446336004, 1446336022, 1446336027, 1446336034, 1446336064, 1446336082, 1446336094, 1446336124]",6fd4622130109cb355367a107a356901,0,0
23,"[26264, 32828, 32825, 32824, 33438, 1378, 22276, 22273, 26350, 31778, 38581, 38584, 38582, 38867]","[1446336004, 1446336034, 1446336124, 1446336154, 1446336200, 1446336208, 1446336232, 1446336245, 1446336246, 1446336286, 1446336306, 1446336330, 1446336332, 1446336336]",d6818b87be021d7d1260a707f50b47e6,0,1
24,"[39055, 13641, 13531, 13673, 13333, 3318, 3319, 3321, 17939, 17942, 3322, 10489, 17948, 18255, 3323, 15884, 18257, 10498, 10370, 10503, 3325, 19203, 10486, 10403, 31413, 10434, 10, 17984, 4327, 4289]","[1446336004, 1446336025, 1446336034, 1446336050, 1446336056, 1446336064, 1446336184, 1446336203, 1446336204, 1446336244, 1446336250, 1446336269, 1446336277, 1446336286, 1446336286, 1446336287, 1446336289, 1446336304, 1446336343, 1446336364, 1446336378, 1446336379, 1446336388, 1446336407, 1446336424, 1446336476, 1446336481, 1446336488, 1446336552, 1446336604]",b4f7bda44f794489e248de344727ff76,0,1
25,"[31815, 37547, 7651, 7699, 15816, 7761, 25688, 7770, 7697, 7705, 40073, 7706, 14897, 20455, 14889, 4428, 14810]","[1446336004, 1446336152, 1446336184, 1446336244, 1446336304, 1446336358, 1446336384, 1446336424, 1446336454, 1446336477, 1446336481, 1446336523, 1446336528, 1446336538, 1446336544, 1446336604, 1446336664]",d3737f67d32065b27452cc961a375fa8,0,0
26,"[20249, 34495, 27236, 34496, 20251, 36560, 20253, 36562]","[1446336004, 1446336394, 1446336424, 1446336454, 1446336468, 1446336475, 1446336491, 1446336514]",18cde85ce1511b575effe15824d61de0,0,0
27,"[6237, 2346, 17470, 926, 6275, 6280, 927, 6239, 21584, 20114, 20120, 20128, 27528]","[1446336004, 1446336049, 1446336062, 1446336064, 1446336083, 1446336104, 1446336124, 1446336150, 1446336184, 1446336241, 1446336244, 1446336341, 1446336364]",9aed444d63879d5243b580538183782b,0,1
28,"[27236, 34496, 20251, 36560, 20253, 36561, 26413, 1410, 1405, 1403, 24831, 22658, 7025, 36596, 22653, 36594, 4183, 8599, 18201, 22649, 18197, 18195, 18193, 18191, 18190, 18188, 861, 862, 20335, 864, 17195, 17199, 17197, 17206, 6499, 17210, 8582, 20652, 20673]","[1446336004, 1446336063, 1446336075, 1446336081, 1446336094, 1446336113, 1446336123, 1446336183, 1446336303, 1446336314, 1446336316, 1446336326, 1446336363, 1446336372, 1446336380, 1446336383, 1446336396, 1446336417, 1446336423, 1446336428, 1446336442, 1446336444, 1446336449, 1446336462, 1446336467, 1446336473, 1446336476, 1446336483, 1446336542, 1446336602, 1446336644, 1446336650, 1446336699, 1446336722, 1446336739, 1446336761, 1446336769, 1446336778, 1446336782]",be04a3909ba39d31f0beae2eb6f1c24b,0,0
29,"[616, 24663, 618, 16782, 16781, 16780, 21239, 20809, 1467, 24488, 24490, 24494, 24496, 36945, 36953, 33971, 23292, 36181, 27028, 34655, 23289, 23992, 26904, 26922, 26916, 28120, 23988, 19574, 23650, 373, 22758, 28635, 1006, 385, 19578, 19583, 21938, 19585, 21941, 33189, 370, 993, 25767, 26046, 36007]","[1446336004, 1446336009, 1446336013, 1446336032, 1446336064, 1446336124, 1446336183, 1446336205, 1446336213, 1446336238, 1446336244, 1446336271, 1446336287, 1446336300, 1446336304, 1446336312, 1446336314, 1446336318, 1446336334, 1446336336, 1446336364, 1446336445, 1446336495, 1446336544, 1446336604, 1446336664, 1446336718, 1446336724, 1446336783, 1446336832, 1446336833, 1446336845, 1446336878, 1446336905, 1446336934, 1446336958, 1446336965, 1446337085, 1446337091, 1446337105, 1446337138, 1446337146, 1446337204, 1446337206, 1446337567]",3db31fe884b052796c56dc3edbff9cab,0,0
30,"[23273, 28972, 15976, 299, 33384, 23257, 23248, 23242, 23268, 23241, 23249]","[1446336005, 1446336063, 1446336091, 1446336093, 1446336095, 1446336305, 1446336334, 1446336334, 1446336516, 1446336697, 1446336848]",3b38b1d84223f1f0c124b771c14b1e04,0,0
31,"[22267, 24009, 24007, 26143, 433, 535, 19586, 21937, 21981, 22260, 590, 588, 21977, 751, 21929, 21907, 21903, 30502, 21899, 21974, 443, 2641, 1255, 15969, 19389, 17710, 1254, 25157, 753, 19554, 39950, 3449, 25724, 35290, 35292, 3447, 19555, 567, 25160, 26031, 25628, 364, 37881]","[1446336005, 1446336026, 1446336046, 1446336065, 1446336113, 1446336138, 1446336144, 1446336149, 1446336155, 1446336184, 1446336231, 1446336245, 1446336274, 1446336276, 1446336285, 1446336289, 1446336298, 1446336300, 1446336302, 1446336306, 1446336353, 1446336366, 1446336384, 1446336392, 1446336399, 1446336405, 1446336412, 1446336426, 1446336433, 1446336434, 1446336456, 1446336475, 1446336479, 1446336486, 1446336497, 1446336505, 1446336506, 1446336533, 1446336543, 1446336562, 1446336567, 1446336591, 1446336607]",5032a45dfabfe82cdee3cbe8fa75a023,0,1
32,"[10277, 3398, 1129, 3320, 3627, 10506, 10349, 23134, 4409, 10335, 6976, 34829, 10404]","[1446336005, 1446336052, 1446336059, 1446336064, 1446336069, 1446336085, 1446336134, 1446336181, 1446336185, 1446336206, 1446336220, 1446336234, 1446336245]",9457da9598013f155a3d5fde4b934723,0,1
33,"[30265, 12087, 22769, 22771, 22302, 27282, 22296, 1199, 25032, 22294, 25908, 22762, 22761, 93, 22760, 16831, 16823, 16821, 16811, 16805, 16802, 16801, 1385, 22286, 24545, 1386, 21253, 24544, 1445, 439, 534, 436, 592, 21980, 21974, 442, 445, 19395, 19387, 19382, 3654, 3653, 1266, 1271, 19360, 21350, 30286, 21348, 21342, 21338, 21334, 21335, 21339, 21337, 3119, 3116, 21330, 21327, 21322, 35115, 21318, 21316, 3114, 3123, 19145, 21291, 21288, 447, 2580, 2573, 449, 450, 452, 453, 2130, 2132, 2133, 24944]","[1446336005, 1446336023, 1446336047, 1446336065, 1446336119, 1446336124, 1446336125, 1446336126, 1446336126, 1446336128, 1446336142, 1446336156, 1446336161, 1446336184, 1446336185, 1446336208, 1446336218, 1446336220, 1446336242, 1446336273, 1446336302, 1446336305, 1446336321, 1446336327, 1446336328, 1446336328, 1446336329, 1446336330, 1446336342, 1446336345, 1446336365, 1446336425, 1446336485, 1446336509, 1446336545, 1446336571, 1446336581, 1446336585, 1446336590, 1446336592, 1446336596, 1446336598, 1446336604, 1446336605, 1446336625, 1446336626, 1446336634, 1446336657, 1446336660, 1446336663, 1446336665, 1446336666, 1446336667, 1446336668, 1446336669, 1446336670, 1446336678, 1446336692, 1446336693, 1446336703, 1446336705, 1446336712, 1446336713, 1446336721, 1446336725, 1446336743, 1446336745, 1446336750, 1446336785, 1446336810, 1446336845, 1446336879, 1446336905, 1446336954, 1446336965, 1446337001, 1446337023, 1446337025]",300c57671cdc93d92c040885f9407835,0,1
34,"[24480, 786, 15855, 15860, 7011, 15841, 24689, 17830]","[1446336005, 1446336007, 1446336019, 1446336058, 1446336065, 1446336140, 1446336160, 1446336185]",4873bd16366390be24f261c436a9fbd9,0,0
35,"[24204, 535, 19585, 21940, 434, 24205, 22265, 24841, 36688, 22272, 991, 1447, 97, 22281, 96, 95, 16804, 437, 16807, 16814, 16822, 16827, 16850, 16842, 1424, 20743, 846, 8722, 8862, 33377, 611, 4463, 20747, 22940, 22928, 22917, 22921, 22920, 22937, 22914, 40200, 40196, 40195, 40192]","[1446336005, 1446336155, 1446336157, 1446336167, 1446336169, 1446336174, 1446336185, 1446336210, 1446336215, 1446336228, 1446336236, 1446336241, 1446336245, 1446336305, 1446336328, 1446336335, 1446336397, 1446336408, 1446336425, 1446336443, 1446336454, 1446336455, 1446336473, 1446336485, 1446336590, 1446336591, 1446336664, 1446336666, 1446336682, 1446336696, 1446336727, 1446336730, 1446336735, 1446336786, 1446336815, 1446336817, 1446336831, 1446336845, 1446336865, 1446336872, 1446336907, 1446336935, 1446336937, 1446336967]",82bdb630c46eb01e1197f50020622df1,0,1
36,"[10093, 5114, 3564, 3670, 3562, 4372, 4380, 18640, 4369, 20962, 9782, 30675, 20964, 19304]","[1446336005, 1446336065, 1446336123, 1446336125, 1446336185, 1446336215, 1446336252, 1446336255, 1446336276, 1446336301, 1446336336, 1446336349, 1446336366, 1446336486]",4776f8ce91d49aeab0a2da8cdf960884,0,1
37,"[7927, 7956, 21738, 21740, 20203, 20199, 3344]","[1446336005, 1446336065, 1446336125, 1446336155, 1446336185, 1446336245, 1446336305]",df8786eceb4de91cc74682698d786343,0,0
38,"[25174, 29222, 25173, 4541, 8751, 8747, 4464, 5355, 5356, 8861, 441, 142, 143, 20770, 20766, 15995, 984, 20764, 29555, 29569, 23679]","[1446336006, 1446336021, 1446336035, 1446336046, 1446336047, 1446336047, 1446336049, 1446336056, 1446336058, 1446336066, 1446336186, 1446336284, 1446336306, 1446336366, 1446336393, 1446336393, 1446336396, 1446336396, 1446336397, 1446336403, 1446336426]",1b7d6eb717e389a8e336c5943d592aaf,0,1
39,"[4611, 4679, 2079, 5253, 39745, 841, 5303, 5304, 22337, 24360, 5690, 36611, 5454, 24835, 7027, 26926, 20274, 30344, 5533, 22353, 5056, 28502, 5682]","[1446336006, 1446336023, 1446336041, 1446336050, 1446336066, 1446336094, 1446336126, 1446336185, 1446336186, 1446336246, 1446336276, 1446336306, 1446336338, 1446336339, 1446336364, 1446336366, 1446336480, 1446336520, 1446336592, 1446336595, 1446336603, 1446336661, 1446336709]",460bcdfdd7f4b098155ac01191e72b1a,0,0
40,"[21448, 21462, 25554, 21428, 21432, 8416]","[1446336006, 1446336127, 1446336157, 1446336277, 1446336336, 1446336337]",ff29e3b122072928869a1d9bd50c5c74,0,0
41,"[283, 14186, 21227, 14189, 545, 23985, 546, 25603, 25599]","[1446336006, 1446336018, 1446336036, 1446336054, 1446336066, 1446336079, 1446336139, 1446336156, 1446336186]",ee9f6a3938669e862b3d2532033478cf,0,1
42,"[237, 13435, 235, 31426, 18873, 2906, 2904, 26721, 38772, 232, 38201, 229, 23528, 6792, 23886, 6786, 2940, 17395, 30957, 2951, 17389, 7052, 33037, 7049, 7062, 7069, 7066, 30446, 30450]","[1446336006, 1446336066, 1446336084, 1446336104, 1446336126, 1446336129, 1446336131, 1446336133, 1446336186, 1446336203, 1446336227, 1446336243, 1446336246, 1446336404, 1446336415, 1446336426, 1446336525, 1446336546, 1446336606, 1446336683, 1446336724, 1446336726, 1446336741, 1446336786, 1446336819, 1446336846, 1446336906, 1446336919, 1446336966]",1ffb8b0f4a3894aa3864bffd8661bd62,0,1
43,"[20161, 20165, 20163, 20358, 40006, 40009, 40010, 20363, 20365, 20362, 20360, 38590, 20372, 20375, 20374, 27919, 27921, 27945, 35550, 33095, 27923, 35535, 27948, 27928, 5701]","[1446336007, 1446336067, 1446336162, 1446336186, 1446336245, 1446336246, 1446336306, 1446336359, 1446336376, 1446336411, 1446336426, 1446336485, 1446336486, 1446336654, 1446336659, 1446336662, 1446336667, 1446336724, 1446336758, 1446336759, 1446336760, 1446336761, 1446336787, 1446336827, 1446336847]",cfe7bfbe93548f4cc61453363d773fee,0,1
44,"[21401, 2129, 21424, 709, 21421, 21420, 24902, 21447, 1364, 8993, 14618, 14651, 23083, 2983, 23081, 36027, 36024, 24226, 14616, 35914, 21487, 21484, 21482, 33815, 6523, 3521, 25249, 6602, 33787, 25245, 33800, 35080, 39518, 17556, 39515, 17562, 29426, 29428, 29429, 16943, 16947, 16946, 17582, 2376, 12794, 19509]","[1446336007, 1446336037, 1446336067, 1446336085, 1446336095, 1446336127, 1446336157, 1446336187, 1446336217, 1446336247, 1446336277, 1446336337, 1446336388, 1446336394, 1446336397, 1446336427, 1446336457, 1446336514, 1446336517, 1446336576, 1446336577, 1446336697, 1446336757, 1446336787, 1446336881, 1446336885, 1446336907, 1446336997, 1446337507, 1446337597, 1446337610, 1446337635, 1446337652, 1446337688, 1446337747, 1446337777, 1446337839, 1446337860, 1446337867, 1446337888, 1446337894, 1446337896, 1446337897, 1446337904, 1446337922, 1446337927]",f6241f0aca0cf6b3798b6206b400f230,0,0
45,"[7113, 7120, 33056, 7111, 37526, 3365, 37519, 3366, 27836, 27834]","[1446336007, 1446336077, 1446336089, 1446336110, 1446336122, 1446336150, 1446336157, 1446336173, 1446336187, 1446336247]",e4b2ba76e99a52217e22856cb80904f0,0,1
46,"[14862, 14877, 7710, 7712, 24120, 7645, 38092, 38879, 38876, 37564, 7733, 7627, 7723, 7538, 7567, 7540, 7575, 13702, 7566, 7578, 7568, 24107, 24104, 24111, 37570, 38090, 7557, 24124, 7772, 25684]","[1446336007, 1446336049, 1446336241, 1446336266, 1446336282, 1446336283, 1446336297, 1446336301, 1446336326, 1446336346, 1446336359, 1446336361, 1446336481, 1446336488, 1446336515, 1446336541, 1446336563, 1446336585, 1446336601, 1446336668, 1446336718, 1446336721, 1446336772, 1446336781, 1446336805, 1446336813, 1446336831, 1446336841, 1446336865, 1446336901]",097e83f4421e4d0847aa7edb79ae304e,0,0
47,"[6391, 20109, 20101, 20096, 20095, 38852, 20093, 21086, 20099, 21089, 20104, 21578, 16693, 1488, 6213, 12500, 1523, 25878, 21887, 1729, 12383, 30122, 6148, 8178, 5825, 4052, 6041]","[1446336008, 1446336068, 1446336128, 1446336186, 1446336188, 1446336218, 1446336248, 1446336322, 1446336323, 1446336368, 1446336406, 1446336411, 1446336416, 1446336428, 1446336548, 1446336608, 1446336668, 1446336728, 1446336760, 1446336762, 1446336784, 1446336788, 1446336848, 1446336873, 1446336874, 1446336875, 1446336908]",f3052a35c5b92f8d78e9f409326e4930,0,1
48,"[14258, 3266, 14233, 14226, 14230, 14265, 2868, 2873, 1506, 18850, 818, 1501, 1502]","[1446336008, 1446336060, 1446336068, 1446336098, 1446336109, 1446336113, 1446336120, 1446336128, 1446336139, 1446336143, 1446336148, 1446336157, 1446336188]",86cc1a34fcb4cc4cfceb27624f3aaf88,0,1
49,"[14181, 24033, 544, 21226, 283, 14187, 21259, 21233, 16927, 540, 706, 16866, 413, 16872, 419, 421, 422, 16795, 16875, 153, 151, 150, 148, 486, 488, 19321, 7253, 7250, 489, 669, 24349, 25522, 27642, 532, 27017, 27016]","[1446336008, 1446336068, 1446336211, 1446336218, 1446336225, 1446336229, 1446336234, 1446336248, 1446336272, 1446336285, 1446336296, 1446336308, 1446336335, 1446336338, 1446336368, 1446336374, 1446336398, 1446336422, 1446336423, 1446336428, 1446336449, 1446336466, 1446336488, 1446336578, 1446336728, 1446336738, 1446336747, 1446336758, 1446336788, 1446336818, 1446336834, 1446336848, 1446336878, 1446336908, 1446336935, 1446336938]",9aba0f5a5949897407004c076afd741d,0,1
50,"[17263, 2290, 16911, 5788, 16534, 35366, 2454, 1159, 2456, 16526, 38995, 31938, 2438, 27770]","[1446336009, 1446336066, 1446336067, 1446336069, 1446336092, 1446336104, 1446336129, 1446336130, 1446336132, 1446336158, 1446336189, 1446336215, 1446336224, 1446336249]",bf20c4cd4fe47e0a4a03b7220e22655f,0,1
51,"[40044, 13182, 40046, 12745, 12782, 21554, 36061, 21556, 18914, 19221, 2051, 2054, 21516, 18771, 10659]","[1446336009, 1446336203, 1446336263, 1446336323, 1446336358, 1446336383, 1446336432, 1446336438, 1446336472, 1446336475, 1446336482, 1446336486, 1446336504, 1446336561, 1446336563]",d52b06dcf268b7834ef765446f0337db,0,0
52,"[270, 14266, 38325, 1489, 16893, 259, 257, 16876, 580, 256, 4153, 20956, 20955, 2281, 2273, 4871, 4095, 4097, 4086, 4088, 20942, 4093, 20965, 251, 4381, 940, 9831, 18622, 18613, 18612, 711, 4346, 31339, 10077, 718, 723, 34754, 34759, 725, 39120, 39124, 9762, 7321, 23, 20, 4041, 17976, 17, 3326, 19199, 4038, 10507, 2518, 10354]","[1446336009, 1446336183, 1446336188, 1446336196, 1446336199, 1446336210, 1446336248, 1446336263, 1446336267, 1446336272, 1446336310, 1446336336, 1446336344, 1446336370, 1446336380, 1446336397, 1446336407, 1446336416, 1446336430, 1446336459, 1446336478, 1446336485, 1446336490, 1446336546, 1446336550, 1446336585, 1446336611, 1446336611, 1446336644, 1446336670, 1446336730, 1446336769, 1446336776, 1446336790, 1446336813, 1446336835, 1446336844, 1446336850, 1446336910, 1446336948, 1446336949, 1446336962, 1446336970, 1446336983, 1446337018, 1446337030, 1446337068, 1446337076, 1446337082, 1446337090, 1446337102, 1446337127, 1446337138, 1446337150]",4496471c6d383c1c01fd015745f3e991,0,1
53,"[4525, 3051, 27778, 3056, 3062, 14379, 13104, 2543, 12780, 23421, 2539]","[1446336009, 1446336050, 1446336057, 1446336058, 1446336069, 1446336087, 1446336093, 1446336100, 1446336115, 1446336119, 1446336129]",9dfe425dd616e36f1bcb4e65384b72ef,0,0
54,"[3200, 18673, 5826, 38055, 38061, 6172, 2344, 21792, 926, 6275, 6280, 927, 6238, 2312]","[1446336009, 1446336095, 1446336096, 1446336129, 1446336160, 1446336189, 1446336345, 1446336353, 1446336368, 1446336387, 1446336410, 1446336430, 1446336486, 1446336490]",4d07b1af1a091f7002b618f0a2a9346e,0,1
55,"[30465, 30462, 30461, 17541, 30456, 28387, 28386, 28401, 17547, 2956, 16937, 17557, 39517, 35079, 33799]","[1446336009, 1446336017, 1446336024, 1446336050, 1446336054, 1446336068, 1446336084, 1446336114, 1446336144, 1446336174, 1446336211, 1446336213, 1446336229, 1446336236, 1446336296]",16ee86dfc73ddf096ee583cefbfc79f8,1,1
56,"[18041, 4013, 4024, 4012, 2662, 25076, 20055, 20062, 8281, 8285, 8289, 8288, 17838, 32896, 8268, 19624, 8256]","[1446336010, 1446336060, 1446336070, 1446336123, 1446336130, 1446336152, 1446336166, 1446336180, 1446336185, 1446336190, 1446336220, 1446336233, 1446336237, 1446336250, 1446336261, 1446336310, 1446336370]",c0bedff7ef39aa7329f2dc139061ba57,0,1
57,"[27330, 27332, 22572, 32931, 32939, 17331, 17338, 17342, 4582, 26745, 17419, 26749, 13988, 13994, 13977, 17430, 29185, 13912, 13993, 40163, 13886, 8338, 13881, 13928, 33371, 33369, 2899, 13937, 2901, 20523, 20522, 15550, 8688, 4073, 8640, 2261, 932, 10032, 1334, 10240, 27531]","[1446336010, 1446336043, 1446336047, 1446336061, 1446336070, 1446336080, 1446336090, 1446336101, 1446336130, 1446336158, 1446336164, 1446336185, 1446336191, 1446336212, 1446336234, 1446336251, 1446336278, 1446336284, 1446336292, 1446336294, 1446336304, 1446336311, 1446336327, 1446336333, 1446336336, 1446336341, 1446336356, 1446336363, 1446336371, 1446336431, 1446336438, 1446336458, 1446336491, 1446336538, 1446336551, 1446336585, 1446336590, 1446336611, 1446336632, 1446336659, 1446336671]",c50479817dd7a7434a06f5b18112551a,0,1
58,"[19625, 17841, 8251, 1898, 23040, 5213, 5193, 21008, 20067, 20070, 21013, 3229, 3231, 20072, 21882, 23879, 23512, 6781, 6793, 23531, 23895, 33287, 30977, 21014, 21016, 8346, 21018, 21023, 8351, 18860, 21029, 21032, 2719, 17452, 17456, 17458, 8175, 21788, 2342, 2345, 17469, 12587, 2316, 19307, 6200, 27847, 27849, 476, 8197, 25857, 26604, 25853, 6162, 25605, 6207, 6302, 6208, 25606, 22713]","[1446336010, 1446336070, 1446336130, 1446336190, 1446336212, 1446336233, 1446336250, 1446336310, 1446336370, 1446336471, 1446336471, 1446336476, 1446336483, 1446336490, 1446336517, 1446336518, 1446336522, 1446336523, 1446336524, 1446336525, 1446336531, 1446336534, 1446336548, 1446336550, 1446336573, 1446336584, 1446336610, 1446336652, 1446336668, 1446336670, 1446336726, 1446336730, 1446336850, 1446336944, 1446336954, 1446336960, 1446336970, 1446337017, 1446337026, 1446337028, 1446337030, 1446337057, 1446337063, 1446337085, 1446337090, 1446337143, 1446337150, 1446337168, 1446337173, 1446337176, 1446337210, 1446337390, 1446337469, 1446337547, 1446337630, 1446337647, 1446337665, 1446337673, 1446337690]",7f98a6d4023c57cc34b3f58d4fd2de23,0,0
59,"[15074, 15093, 8545, 15078, 2493, 18724, 16241, 16227]","[1446336010, 1446336070, 1446336089, 1446336125, 1446336126, 1446336128, 1446336130, 1446336190]",1c914b5fe176fd8e650f78d953e667a1,0,1
60,"[19534, 1906, 24275, 21005, 2387, 3918, 1907, 1909, 1899]","[1446336011, 1446336311, 1446336404, 1446336422, 1446336431, 1446336442, 1446336491, 1446336551, 1446336611]",641349aade8de842dd8c82153a51b265,0,0
61,"[7307, 5183, 26883, 5095, 10494, 10529, 10381, 10341, 18251, 10428, 10474, 10323, 10475, 25235, 686, 18782]","[1446336011, 1446336071, 1446336108, 1446336131, 1446336141, 1446336165, 1446336191, 1446336224, 1446336243, 1446336245, 1446336258, 1446336312, 1446336432, 1446336472, 1446336478, 1446336491]",5ab7b49966160390836362f7e409b157,0,0
62,"[1394, 39045, 20246, 1410, 1405, 1403, 24831, 22658, 7025, 36596, 22653, 36594, 4183, 8599, 18201, 22649, 18197, 18196, 22656, 22660]","[1446336011, 1446336026, 1446336070, 1446336071, 1446336122, 1446336126, 1446336127, 1446336131, 1446336150, 1446336160, 1446336171, 1446336174, 1446336191, 1446336211, 1446336217, 1446336222, 1446336238, 1446336240, 1446336245, 1446336251]",2725588d1d3311e35016d4f10afdc788,0,1
63,"[33485, 18502, 18524, 18539, 18559, 18557, 25188, 18552, 18572, 33478, 5504, 15779, 25189, 5506]","[1446336012, 1446336029, 1446336070, 1446336072, 1446336088, 1446336090, 1446336106, 1446336132, 1446336143, 1446336150, 1446336159, 1446336172, 1446336180, 1446336192]",c57712f8bb5664999c3712b8f61889f3,0,1
64,"[27038, 21920, 21924, 21927, 21933, 752, 21975, 21978, 21935, 36690, 22271, 97, 22281, 96, 95, 16804, 437, 16807, 16814, 16822, 16826, 16833, 16841, 854, 22291, 22293, 12712, 35899, 22297, 1200, 13799, 26325, 3820, 24405, 22632]","[1446336012, 1446336072, 1446336091, 1446336106, 1446336110, 1446336132, 1446336135, 1446336142, 1446336192, 1446336231, 1446336234, 1446336252, 1446336278, 1446336304, 1446336312, 1446336353, 1446336360, 1446336372, 1446336403, 1446336421, 1446336423, 1446336432, 1446336462, 1446336476, 1446336485, 1446336490, 1446336492, 1446336516, 1446336524, 1446336528, 1446336543, 1446336549, 1446336552, 1446336578, 1446336612]",95c3564bc8922e8ffc32ee493b80fd10,0,1
65,"[39957, 19554, 39950, 3449, 25724, 35290]","[1446336012, 1446336042, 1446336058, 1446336072, 1446336083, 1446336102]",19e212cd97bbd5c6bf9740fd108e83c4,0,0
66,"[12347, 12505, 12348, 2880, 7077, 6407, 18848, 1495, 14238, 4740, 14252, 23810, 6396, 17713, 6393, 14217, 17001, 1499, 17910, 18685, 25886, 25887, 6478, 6490, 6476, 23813, 23811, 23007, 17155, 17136, 17097, 17029, 17021, 22041]","[1446336012, 1446336148, 1446336285, 1446336305, 1446336580, 1446336630, 1446336648, 1446336664, 1446336668, 1446336688, 1446336700, 1446336703, 1446336708, 1446336733, 1446336738, 1446336745, 1446336769, 1446336774, 1446336797, 1446336828, 1446336829, 1446336836, 1446336862, 1446336876, 1446336889, 1446337088, 1446337145, 1446337344, 1446337667, 1446338359, 1446338658, 1446338671, 1446338689, 1446338718]",1bcf55034260914e76c3be3e0cdd7b08,0,0
67,"[20358, 40006, 40009, 40011, 40013, 17147, 8759, 6480]","[1446336012, 1446336071, 1446336072, 1446336125, 1446336132, 1446336192, 1446336223, 1446336252]",3bf3420aa1bc527ec7059cdf04e98407,0,1
68,"[21049, 31938, 2438, 27769, 28926, 31937, 38998, 944, 22701, 2295, 2294, 22700, 16663, 947, 17633, 17641, 17439, 8225, 5786, 21146, 17271, 8220, 8223, 17281, 17282, 13880, 17286, 4711, 26532, 17228, 32514]","[1446336013, 1446336026, 1446336031, 1446336042, 1446336045, 1446336053, 1446336063, 1446336073, 1446336084, 1446336085, 1446336086, 1446336087, 1446336102, 1446336111, 1446336129, 1446336133, 1446336193, 1446336238, 1446336253, 1446336313, 1446336364, 1446336368, 1446336373, 1446336417, 1446336433, 1446336484, 1446336493, 1446336518, 1446336553, 1446336584, 1446336613]",24fa545e2c92457d3c3b538913c5e9df,0,1
69,"[8661, 8655, 8657, 2260, 10317, 2261, 933, 10280, 929, 8639, 8636, 8693, 6896, 10129, 6897, 8663, 8621, 6442, 16668, 16672, 16675, 12469, 6229, 6222, 29722, 12298, 34478, 21078, 6227, 21087, 21096, 31112, 21102, 6456]","[1446336014, 1446336022, 1446336034, 1446336045, 1446336049, 1446336056, 1446336073, 1446336230, 1446336262, 1446336300, 1446336361, 1446336412, 1446336494, 1446336511, 1446336518, 1446336548, 1446336554, 1446336590, 1446336612, 1446336614, 1446336642, 1446336645, 1446336674, 1446336794, 1446336820, 1446336824, 1446336854, 1446336903, 1446336907, 1446336911, 1446336915, 1446337031, 1446337093, 1446337095]",7c4cec760b3c12ec7fbea72a699b8432,0,0
70,"[10012, 10032, 1334, 10240, 27531, 1336, 3675, 10039, 1338]","[1446336014, 1446336021, 1446336032, 1446336046, 1446336052, 1446336061, 1446336062, 1446336075, 1446336135]",3d84bb27a7f3b6cf127b7939c25469f7,0,1
71,"[3930, 39896, 39897, 37922, 3799, 15153, 3889, 5882, 3890, 2110, 2113, 8552, 17734, 17726, 5854, 17730, 8545, 15078, 2493, 18724, 16241, 16227, 5866, 5850, 5846, 35424, 5894, 31644, 5837, 31634, 18703, 18707, 5858]","[1446336014, 1446336049, 1446336074, 1446336094, 1446336102, 1446336134, 1446336153, 1446336163, 1446336181, 1446336189, 1446336194, 1446336213, 1446336216, 1446336251, 1446336253, 1446336254, 1446336314, 1446336348, 1446336349, 1446336351, 1446336353, 1446336374, 1446336434, 1446336494, 1446336554, 1446337467, 1446337527, 1446337587, 1446337597, 1446337627, 1446337647, 1446337715, 1446337767]",2fc0fcf7ec390887b34ed90ec61d71d1,0,0
72,"[16424, 16439, 16409, 16437, 16425, 16269, 16426]","[1446336014, 1446336104, 1446336404, 1446336412, 1446336421, 1446336434, 1446336615]",31ef8e6b95ab28edd087c9cfda961522,0,0
73,"[3740, 3743, 27311, 27316, 19521, 23049, 3736, 2979, 23051, 2977, 1014, 17568, 16941, 16944, 17571, 1016, 2375, 29432, 3873, 3874, 19497, 23055, 23057, 3881, 23059, 3876, 2190, 2194, 2197, 2193, 33755, 19499, 6550]","[1446336014, 1446336034, 1446336035, 1446336055, 1446336066, 1446336074, 1446336080, 1446336083, 1446336089, 1446336134, 1446336177, 1446336184, 1446336187, 1446336191, 1446336194, 1446336203, 1446336220, 1446336243, 1446336254, 1446336286, 1446336291, 1446336314, 1446336321, 1446336324, 1446336326, 1446336333, 1446336374, 1446336431, 1446336434, 1446336447, 1446336466, 1446336491, 1446336494]",757a6ac1ebd0d2350cdaf349a4abe8ae,0,0
74,"[24774, 24770, 7991, 16590, 16567, 14593, 14604, 29692, 7084, 14582, 20582, 19887, 7995, 15833, 19871, 39853, 7999, 7989]","[1446336014, 1446336071, 1446336074, 1446336116, 1446336120, 1446336134, 1446336190, 1446336194, 1446336254, 1446336314, 1446336374, 1446336423, 1446336428, 1446336430, 1446336434, 1446336457, 1446336494, 1446336554]",b9c4356981bea0e1b7ad71690070b63d,0,1
75,"[691, 19009, 4908, 3032, 3031, 10795, 4195, 20847, 2059, 38511, 38516, 39587, 39586, 38515, 38512, 36318, 10683, 10971, 31305, 39015, 14102, 19262, 2043, 2042, 10732, 7405, 10928, 2021, 39088, 1980, 2015, 14443]","[1446336014, 1446336044, 1446336106, 1446336112, 1446336119, 1446336224, 1446336254, 1446336255, 1446336366, 1446336375, 1446336387, 1446336388, 1446336404, 1446336405, 1446336434, 1446336446, 1446336452, 1446336467, 1446336471, 1446336476, 1446336477, 1446336488, 1446336493, 1446336494, 1446336507, 1446336524, 1446336554, 1446336608, 1446336609, 1446336626, 1446336643, 1446336645]",ef9dd63791ade5c5f78fabf6b1917bb3,0,1
76,"[39586, 38515, 38512, 36318, 10683, 10971, 31305, 39015, 14102, 19263, 19264, 20835, 20837, 20840, 11099, 15022, 11215, 7389, 10829, 11227, 10571, 11226, 10828, 7388, 11214, 15021, 11101, 20839, 2065, 10719, 2123, 11052, 10752, 21571, 6821, 39100, 29056, 29054, 14467, 7132, 14461, 7127, 16219, 14462, 16211, 7130, 18797]","[1446336014, 1446336474, 1446336530, 1446336548, 1446336557, 1446336579, 1446336585, 1446336592, 1446336594, 1446336617, 1446336630, 1446336656, 1446336714, 1446336741, 1446336774, 1446336788, 1446336799, 1446336819, 1446336831, 1446336834, 1446336894, 1446337282, 1446337319, 1446337494, 1446337514, 1446337525, 1446337539, 1446337594, 1446337596, 1446337614, 1446337651, 1446337670, 1446337674, 1446337734, 1446337793, 1446337794, 1446337804, 1446337805, 1446337812, 1446337822, 1446337829, 1446337841, 1446337848, 1446337854, 1446337872, 1446337914, 1446337974]",edb44505bea5f3140e9ff5803b58a28b,0,0
77,"[6687, 6660, 34631, 14514, 32662, 21728, 19611, 33826, 8303, 8305, 8313, 8302, 14509]","[1446336015, 1446336037, 1446336055, 1446336075, 1446336135, 1446336158, 1446336165, 1446336191, 1446336195, 1446336198, 1446336231, 1446336236, 1446336255]",8a6b7337973ee0f685c3877ceed9194c,0,0
78,"[2378, 17584, 14386, 17588, 14412, 26713, 26714, 3047, 3064, 3060, 23443, 23431, 23441, 603, 14091, 14100, 39739, 39738, 2053, 14107, 39720, 36319, 604, 14106, 39015, 14102, 19262, 2043, 2042, 10732, 7405, 10928, 2021, 39088]","[1446336015, 1446336072, 1446336112, 1446336112, 1446336120, 1446336121, 1446336123, 1446336132, 1446336141, 1446336143, 1446336169, 1446336176, 1446336192, 1446336252, 1446336293, 1446336312, 1446336339, 1446336348, 1446336372, 1446336398, 1446336405, 1446336416, 1446336423, 1446336432, 1446336454, 1446336456, 1446336480, 1446336490, 1446336492, 1446336503, 1446336518, 1446336531, 1446336552, 1446336612]",34cf19879b96aa6377eb5d0035e8f4ce,1,1
79,"[22307, 855, 8796, 857, 14190, 14192, 22652, 22648, 858, 860, 20328, 861, 862, 20335, 864, 17196, 8770, 8791, 17194, 8773, 2439, 943, 17640, 2073, 17437, 15769, 2722, 2725, 2724, 21698, 1952, 4696]","[1446336015, 1446336036, 1446336075, 1446336092, 1446336104, 1446336109, 1446336165, 1446336179, 1446336195, 1446336208, 1446336241, 1446336248, 1446336256, 1446336316, 1446336374, 1446336402, 1446336412, 1446336421, 1446336436, 1446336465, 1446336496, 1446336515, 1446336556, 1446336573, 1446336616, 1446336736, 1446336765, 1446336779, 1446336795, 1446336835, 1446336840, 1446336857]",f61ec5ec1cd182f6c002b06e28f9dda4,0,0
80,"[14495, 2732, 13613, 13297, 1131, 13344, 13258, 14045, 14050, 27843, 13269, 38546, 25799, 25800, 25805, 25215, 25217, 4556, 25225, 27983, 25222, 5045, 5046, 5049, 5051, 18839, 5043, 21744]","[1446336015, 1446336069, 1446336103, 1446336109, 1446336114, 1446336118, 1446336126, 1446336133, 1446336135, 1446336137, 1446336144, 1446336145, 1446336148, 1446336149, 1446336186, 1446336194, 1446336195, 1446336215, 1446336235, 1446336244, 1446336252, 1446336253, 1446336255, 1446336315, 1446336430, 1446336435, 1446336538, 1446336556]",85bb7d71504da5eccc0365943c3baa10,0,1
81,"[2972, 2979, 23051, 2977, 1014, 17568, 16941, 16944, 17571, 1016, 2375, 29432, 3873, 3874, 19497, 23055, 23057, 3881, 23059, 3876]","[1446336015, 1446336065, 1446336075, 1446336135, 1446336171, 1446336177, 1446336180, 1446336183, 1446336185, 1446336195, 1446336215, 1446336242, 1446336255, 1446336287, 1446336292, 1446336315, 1446336339, 1446336346, 1446336352, 1446336375]",9ea76faddf48f2da8e8623968bd23268,0,0
82,"[1214, 12515, 1210, 22072, 1209, 5742, 2745, 21158, 2737, 278, 22158, 22046, 9767, 22047, 31803, 24883, 2866, 23374, 2867, 24800, 2359, 2327, 3847, 3848, 3827, 14305, 7440, 14318, 14307, 14286, 3985, 14313, 19631, 5381, 3986, 3988, 644, 18334, 23500, 18326, 18324]","[1446336015, 1446336050, 1446336057, 1446336075, 1446336075, 1446336135, 1446336163, 1446336195, 1446336218, 1446336230, 1446336234, 1446336239, 1446336270, 1446336277, 1446336307, 1446336315, 1446336330, 1446336338, 1446336346, 1446336351, 1446336362, 1446336370, 1446336375, 1446336390, 1446336394, 1446336399, 1446336405, 1446336408, 1446336413, 1446336427, 1446336431, 1446336435, 1446336447, 1446336466, 1446336474, 1446336492, 1446336494, 1446336495, 1446336626, 1446336628, 1446336675]",b608e96bc6ba959dd834f962d5121a35,0,1
83,"[14432, 15103, 21041, 12739, 5937, 15000, 15003, 18739]","[1446336015, 1446336041, 1446336075, 1446336092, 1446336135, 1446336190, 1446336193, 1446336195]",f82535509d4ca2a750664bd8d7b8ff58,0,1
84,"[25112, 3091, 23945, 3075, 1109, 1107, 27502, 27514, 1106, 12989, 14377, 1103, 29941, 19125, 11610, 1101, 4675, 19105, 19106, 3040, 3021, 19103, 19102, 19099, 19087, 3025, 19085, 3029, 27520, 701, 19040, 687, 699, 791, 697, 10365, 695, 19191, 692, 691, 19009, 4908, 3033, 19011, 20924, 688, 39073, 39071, 17923, 2064, 14056, 1151, 14049, 25814, 14052, 14488, 25799, 25800, 25805, 25215, 25217, 4556, 25225, 27982, 27985, 25226, 1135, 25604, 21758, 35145, 34013, 21757, 34925, 34926]","[1446336015, 1446336027, 1446336060, 1446336075, 1446336135, 1446336195, 1446336213, 1446336254, 1446336255, 1446336319, 1446336325, 1446336336, 1446336362, 1446336375, 1446336435, 1446336448, 1446336449, 1446336495, 1446336532, 1446336553, 1446336564, 1446336584, 1446336592, 1446336615, 1446336667, 1446336669, 1446336682, 1446336735, 1446336770, 1446336773, 1446336779, 1446336795, 1446336855, 1446336882, 1446336915, 1446336968, 1446336975, 1446336988, 1446336989, 1446336999, 1446337035, 1446337101, 1446337108, 1446337155, 1446337205, 1446337206, 1446337212, 1446337231, 1446337248, 1446337249, 1446337275, 1446337285, 1446337294, 1446337323, 1446337328, 1446337335, 1446337350, 1446337351, 1446337387, 1446337394, 1446337395, 1446337418, 1446337441, 1446337451, 1446337455, 1446337497, 1446337502, 1446337534, 1446337563, 1446337575, 1446337600, 1446337622, 1446337635, 1446337695]",3eb8f318965cae51598631d00af6db16,0,1
85,"[20067, 20070, 21012, 20074, 21016, 8346, 21017, 21019, 13960, 30970, 13939, 8348, 8342, 13944, 6795, 24660, 6798, 13950, 21026, 21028, 6796]","[1446336015, 1446336075, 1446336075, 1446336087, 1446336123, 1446336125, 1446336132, 1446336135, 1446336141, 1446336143, 1446336154, 1446336157, 1446336170, 1446336172, 1446336176, 1446336194, 1446336195, 1446336204, 1446336211, 1446336234, 1446336255]",fa7947eb1d276c7debd4562d17072fd1,0,1
86,"[18936, 10750, 23463, 23461, 23460, 23458, 25619, 18923, 31294, 31296, 7384, 39635, 31298, 39741, 39640, 19223, 2046, 2045, 39638, 18916, 2097, 26419, 2099, 13066, 21550, 12791, 13024]","[1446336015, 1446337114, 1446337136, 1446337138, 1446337138, 1446337139, 1446337158, 1446337188, 1446337309, 1446337315, 1446337412, 1446337469, 1446337481, 1446337541, 1446337569, 1446337572, 1446337588, 1446337589, 1446337598, 1446337602, 1446337647, 1446337649, 1446337663, 1446337780, 1446337783, 1446337815, 1446337842]",5bd6e70ed02b5fda6ccc879e51a2df59,0,0
87,"[2968, 25308, 3888, 19945, 6541, 19948, 6587]","[1446336015, 1446336315, 1446336942, 1446338116, 1446338176, 1446338226, 1446338236]",b3923d1dea5df14e7320118cf521357e,0,0
88,"[15765, 13842, 4732, 15739, 15750, 13844, 21694, 4718, 29573, 21695, 4720, 18545, 17880, 4722, 18578, 5504, 15779, 25189, 5506, 21592, 4724, 4726, 21593, 4713, 17638, 17639, 17436, 910, 17693, 18150, 2440, 24190, 5527, 39246, 21047, 18975, 2445, 2447, 18976, 32270, 271, 8591, 2430, 17187, 2443, 5532, 18852, 17168, 20194, 17622, 17161, 20162, 23811, 23007, 17154, 17145, 17139, 17911, 22042, 270]","[1446336016, 1446336019, 1446336045, 1446336062, 1446336067, 1446336077, 1446336088, 1446336089, 1446336090, 1446336091, 1446336100, 1446336101, 1446336106, 1446336107, 1446336112, 1446336112, 1446336117, 1446336120, 1446336125, 1446336134, 1446336136, 1446336137, 1446336137, 1446336163, 1446336165, 1446336197, 1446336257, 1446336300, 1446336317, 1446336346, 1446336360, 1446336362, 1446336364, 1446336369, 1446336372, 1446336374, 1446336375, 1446336375, 1446336377, 1446336396, 1446336400, 1446336424, 1446336437, 1446336449, 1446336461, 1446336462, 1446336474, 1446336494, 1446336496, 1446336497, 1446336498, 1446336499, 1446336501, 1446336514, 1446336533, 1446336538, 1446336557, 1446336595, 1446336600, 1446336617]",a3c9085ffe4fbf53aa28f6ee328287d6,0,1
89,"[23415, 23443, 23431, 23441, 603, 14091, 14100, 39739, 39738, 2052, 19223, 2046, 2045, 39638, 18915, 12822]","[1446336016, 1446336072, 1446336076, 1446336094, 1446336136, 1446336177, 1446336196, 1446336221, 1446336230, 1446336252, 1446336256, 1446336287, 1446336290, 1446336309, 1446336316, 1446336376]",80239224dfee21d21f527de3aaa08c87,0,1
90,"[26570, 10679, 4202, 11070, 11353, 38537, 4200, 2525, 2523, 18771, 10658, 2528, 7377, 1061, 11015, 1065, 1067, 1066, 11025, 7363, 7361, 1038, 1059, 7366, 1053, 10759, 10691]","[1446336016, 1446336034, 1446336047, 1446336076, 1446336093, 1446336118, 1446336126, 1446336136, 1446336173, 1446336175, 1446336177, 1446336196, 1446336241, 1446336256, 1446336308, 1446336316, 1446336334, 1446336352, 1446336360, 1446336368, 1446336376, 1446336396, 1446336436, 1446336456, 1446336476, 1446336496, 1446336556]",0253135c403fea9c91aeb39ec7b9bb3e,0,0
91,"[937, 14325, 14289, 22872, 14320, 14310, 14158, 20780, 30740, 20752, 2860, 2853, 14280, 14277, 104, 202, 14254, 14240, 14249, 201, 14212, 14264, 14241, 14267, 6447, 14219, 17666, 17661, 8615, 30671, 8643, 8644, 8632, 8646, 1515, 17660, 15551, 37772, 8670, 21119, 8667, 8673, 8675, 1312, 18023, 2910, 15521, 15528]","[1446336016, 1446336055, 1446336076, 1446336116, 1446336128, 1446336136, 1446336159, 1446336164, 1446336186, 1446336194, 1446336196, 1446336256, 1446336305, 1446336316, 1446336350, 1446336379, 1446336393, 1446336436, 1446336458, 1446336469, 1446336496, 1446336543, 1446336551, 1446336552, 1446336556, 1446336579, 1446336582, 1446336616, 1446336619, 1446336624, 1446336629, 1446336633, 1446336637, 1446336640, 1446336655, 1446336656, 1446336676, 1446336679, 1446336688, 1446336692, 1446336715, 1446336721, 1446336736, 1446336755, 1446336773, 1446336775, 1446336796, 1446336856]",912736ceed6c5ac399db0fe0038c2b5c,0,1
92,"[8107, 2888, 2887, 27669, 27668, 13980, 13985, 13977, 17430, 29185, 13912, 13993, 40163, 13885, 13915, 32534, 13913, 21022, 6800, 6802, 23893, 23895, 33287, 30977, 21014, 21016, 8346, 21018, 21023, 8351, 18860, 21029, 21032, 2719, 17452, 17456, 17458, 8175, 21788, 2342, 2345, 17469, 12587, 2315, 2348, 19309, 21040, 22039, 2318, 14550, 19313, 2319, 2349, 6458, 22975, 52, 4190, 31132]","[1446336016, 1446336038, 1446336054, 1446336068, 1446336071, 1446336076, 1446336097, 1446336128, 1446336136, 1446336147, 1446336149, 1446336152, 1446336153, 1446336157, 1446336163, 1446336167, 1446336168, 1446336168, 1446336176, 1446336183, 1446336183, 1446336184, 1446336185, 1446336188, 1446336189, 1446336192, 1446336193, 1446336196, 1446336256, 1446336276, 1446336279, 1446336313, 1446336316, 1446336376, 1446336409, 1446336412, 1446336414, 1446336418, 1446336432, 1446336435, 1446336435, 1446336436, 1446336471, 1446336477, 1446336486, 1446336496, 1446336540, 1446336552, 1446336556, 1446336598, 1446336612, 1446336616, 1446336630, 1446336655, 1446336676, 1446336688, 1446336717, 1446336736]",41f96182b751217721ba98229624d7ad,0,1
93,"[17469, 12587, 2315, 2348, 19309, 21040, 22039, 2318, 14550, 19313, 2320, 17034, 2350, 2352, 2469, 17173, 17174, 17175, 6496, 17182, 17185, 8784, 8594, 23799, 18158, 22792, 22794, 17694, 8595, 8764, 8597, 27797, 18166, 18170, 18171, 18174, 18177, 18179, 18181, 18184, 7023, 26025, 22795, 24195, 24196, 25291, 7021, 22647, 1405, 1404]","[1446336016, 1446336057, 1446336065, 1446336076, 1446336136, 1446336180, 1446336192, 1446336196, 1446336229, 1446336239, 1446336243, 1446336256, 1446336345, 1446336367, 1446336376, 1446336406, 1446336408, 1446336412, 1446336412, 1446336413, 1446336418, 1446336429, 1446336436, 1446336452, 1446336470, 1446336475, 1446336477, 1446336489, 1446336496, 1446336517, 1446336521, 1446336535, 1446336537, 1446336548, 1446336553, 1446336556, 1446336568, 1446336572, 1446336574, 1446336592, 1446336594, 1446336600, 1446336608, 1446336613, 1446336616, 1446336638, 1446336676, 1446336736, 1446336763, 1446336796]",4b987bd1ba7408cac308a5cfb6499f9e,0,1
94,"[36522, 36517, 2837, 22036, 16800, 1205, 2839, 16799, 16798, 14025, 145, 137, 16796, 16793, 29594, 24665, 618, 16782, 16781, 16780, 21239, 20809, 1468, 21234, 1463, 801, 803, 1427, 20798, 543, 16869, 16867, 415, 16863, 16854, 553, 19348, 574, 579, 15965, 15947, 32901, 32899, 19489, 19480, 18250, 18234, 18231, 18228, 23934, 34831, 34812, 19479, 19473, 26797, 3135, 26795, 26794, 19471, 19469, 21522, 34999, 24901, 35092, 3131, 32893, 27362, 3877, 3878, 19501, 2201, 3867, 2383, 3871, 2377, 1016, 2375, 29432, 3873, 3875, 6583]","[1446336016, 1446336034, 1446336054, 1446336076, 1446336095, 1446336096, 1446336104, 1446336107, 1446336117, 1446336121, 1446336125, 1446336131, 1446336136, 1446336139, 1446336147, 1446336155, 1446336159, 1446336165, 1446336175, 1446336176, 1446336188, 1446336190, 1446336191, 1446336197, 1446336203, 1446336214, 1446336221, 1446336234, 1446336235, 1446336246, 1446336250, 1446336253, 1446336257, 1446336317, 1446336377, 1446336409, 1446336409, 1446336426, 1446336431, 1446336437, 1446336447, 1446336497, 1446336512, 1446336557, 1446336583, 1446336617, 1446336660, 1446336662, 1446336667, 1446336674, 1446336676, 1446336677, 1446336691, 1446336697, 1446336704, 1446336704, 1446336705, 1446336706, 1446336711, 1446336715, 1446336729, 1446336737, 1446336756, 1446336761, 1446336762, 1446336774, 1446336778, 1446336779, 1446336786, 1446336791, 1446336829, 1446336858, 1446336896, 1446336918, 1446337526, 1446337737, 1446338053, 1446338093, 1446338113, 1446338141, 1446338173]",1848aa8c1051a523bb61f5ae14cd8956,0,0
95,"[17121, 17137, 17144, 17152, 17150, 17160, 20361, 20296, 20312, 20394, 169, 1759, 20325, 6513, 23845, 22776, 22782, 22785, 20649, 20709, 20719, 20732, 17213, 20738, 20740, 20630]","[1446336016, 1446336040, 1446336060, 1446336075, 1446336076, 1446336111, 1446336131, 1446336133, 1446336135, 1446336136, 1446336196, 1446336215, 1446336219, 1446336277, 1446336316, 1446336362, 1446336367, 1446336376, 1446336411, 1446336416, 1446336426, 1446336436, 1446336496, 1446336550, 1446336553, 1446336556]",a4da6138d5e25491ff40aaf7f8102b7a,0,1
96,"[14380, 23426, 14408, 23414, 23428, 23434, 23435, 23437, 2547, 1861, 26552, 4989, 1858]","[1446336017, 1446336037, 1446336064, 1446336077, 1446336115, 1446336127, 1446336137, 1446336161, 1446336197, 1446336228, 1446336244, 1446336249, 1446336257]",7d437522720ff8388e1b41d7433153ae,0,1
97,"[3858, 22104, 3865, 221, 24030, 9315, 214]","[1446336017, 1446336075, 1446336075, 1446336076, 1446336077, 1446336137, 1446336257]",76c7a189e94c9bb00207d2f6469d290a,0,1
98,"[28258, 5218, 34674, 34675, 34677, 34680, 34682, 19885, 2623, 3441]","[1446336017, 1446336145, 1446336154, 1446336185, 1446336198, 1446336212, 1446336214, 1446336498, 1446336507, 1446336514]",2f413c4c5c773e0934010acf9045b073,0,0
99,"[23126, 20840, 11099, 15022, 11215, 7391, 7393, 37949, 37953, 11322, 7397, 11277, 20864, 7396, 5067, 11210, 20876, 20878]","[1446336018, 1446336020, 1446336066, 1446336078, 1446336089, 1446336108, 1446336138, 1446336151, 1446336162, 1446336169, 1446336174, 1446336198, 1446336248, 1446336258, 1446336311, 1446336328, 1446336360, 1446336378]",f0b80644c8265531d5578ed709505e17,0,0
