traj_id,path,timestamp
0,"[652, 3438, 2921, 3441, 5705, 83, 1093, 3846, 3848, 1690, 6206, 473, 2832, 2834, 137, 4469, 2504, 2856, 2503, 4466, 218, 3866, 441, 2899, 727, 216, 4522, 440, 1835, 2904]","[1477929876, 1477929910, 1477929953, 1477930050, 1477930091, 1477930128, 1477930148, 1477930158, 1477930162, 1477930168, 1477930189, 1477930210, 1477930224, 1477930250, 1477930270, 1477930286, 1477930306, 1477930312, 1477930315, 1477930322, 1477930338, 1477930351, 1477930357, 1477930368, 1477930386, 1477930400, 1477930411, 1477930423, 1477930430, 1477930432]"
1,"[4238, 193, 4249, 718, 1252, 509, 5202, 4663, 1230, 3468, 3465, 6112, 3320, 5420, 198, 842, 863, 843, 1360, 1353, 2490, 5366, 127, 813, 6021, 810]","[1477929908, 1477929946, 1477929952, 1477929970, 1477930019, 1477930054, 1477930066, 1477930078, 1477930104, 1477930122, 1477930126, 1477930136, 1477930150, 1477930165, 1477930186, 1477930203, 1477930214, 1477930220, 1477930228, 1477930237, 1477930251, 1477930262, 1477930273, 1477930285, 1477930292, 1477930328]"
2,"[2776, 1890, 147, 4419, 264, 2797, 4425]","[1477930004, 1477930058, 1477930063, 1477930070, 1477930077, 1477930080, 1477930093]"
3,"[2695, 4434, 4432, 4429, 5416, 5417, 2814]","[1477930024, 1477930032, 1477930038, 1477930041, 1477930046, 1477930056, 1477930066]"
4,"[3901, 4062, 4066, 351, 2296, 332, 345, 1857, 1863, 1867, 328, 2262, 2075, 1414, 1870, 5941, 5933, 320, 5942, 322]","[1477930054, 1477930062, 1477930074, 1477930082, 1477930094, 1477930108, 1477930119, 1477930129, 1477930136, 1477930146, 1477930170, 1477930192, 1477930199, 1477930210, 1477930226, 1477930238, 1477930240, 1477930241, 1477930252, 1477930271]"
5,"[1318, 1258, 1316, 511, 513, 1289, 777, 3766, 1113, 1296, 4258, 4262, 1197, 1596, 6201, 1592]","[1477930122, 1477930146, 1477930158, 1477930163, 1477930178, 1477930214, 1477930256, 1477930290, 1477930306, 1477930313, 1477930324, 1477930331, 1477930338, 1477930354, 1477930377, 1477930408]"
6,"[12, 170, 1493, 11, 2782, 212, 929, 6493, 5119, 919, 932, 74, 209, 211, 4368, 3019, 6560, 2480]","[1477930137, 1477930214, 1477930264, 1477930280, 1477930321, 1477930343, 1477930368, 1477930386, 1477930392, 1477930426, 1477930457, 1477930468, 1477930493, 1477930512, 1477930518, 1477930523, 1477930533, 1477930552]"
7,"[873, 3014, 4058, 3937, 5162, 5164, 5810, 308, 6246, 1415, 5181, 310, 2065, 2063, 4995, 3163, 4664, 39, 5042, 2556, 3003, 2716, 1479, 1476, 393]","[1477930198, 1477930216, 1477930251, 1477930283, 1477930285, 1477930294, 1477930337, 1477930384, 1477930429, 1477930442, 1477930472, 1477930488, 1477930500, 1477930518, 1477930540, 1477930552, 1477930553, 1477930562, 1477930571, 1477930578, 1477930586, 1477930592, 1477930604, 1477930620, 1477930642]"
8,"[2484, 1348, 801, 4698, 807, 6258, 6256, 811, 6019, 815, 841, 1284, 2491, 2487, 524, 325, 2123, 6251, 6249, 2075, 1414, 1870, 5940, 1869, 5186, 5939, 5941, 5933, 319, 5934, 5930, 5926, 2108, 5463, 4028, 2105, 2102]","[1477930200, 1477930241, 1477930258, 1477930272, 1477930286, 1477930294, 1477930313, 1477930325, 1477930330, 1477930337, 1477930360, 1477930370, 1477930424, 1477930476, 1477930500, 1477930519, 1477930540, 1477930560, 1477930572, 1477930605, 1477930639, 1477930656, 1477930667, 1477930669, 1477930670, 1477930673, 1477930682, 1477930690, 1477930693, 1477930728, 1477930828, 1477930871, 1477930876, 1477930882, 1477930885, 1477930892, 1477930906]"
9,"[3998, 3992, 859, 143, 387, 3053, 515, 6595, 4609, 1620, 1208, 1212, 5369, 871, 701, 2626, 346, 5166, 287]","[1477930243, 1477930275, 1477930289, 1477930314, 1477930348, 1477930368, 1477930375, 1477930382, 1477930404, 1477930423, 1477930466, 1477930513, 1477930567, 1477930612, 1477930622, 1477930642, 1477930657, 1477930678, 1477930698]"
10,"[3993, 3997, 1167, 544, 1160, 1158, 4705, 532, 1376, 1350, 1366, 1284, 2492, 839, 865, 863, 843, 1360, 1353, 2490, 5366, 127, 814, 6020, 829, 3776, 130, 835, 131, 3195, 1225, 5253, 5190, 1289, 778, 4254, 1365, 1245]","[1477930246, 1477930269, 1477930293, 1477930329, 1477930362, 1477930384, 1477930399, 1477930415, 1477930427, 1477930432, 1477930456, 1477930465, 1477930494, 1477930516, 1477930524, 1477930530, 1477930537, 1477930545, 1477930561, 1477930589, 1477930610, 1477930619, 1477930640, 1477930658, 1477930666, 1477930694, 1477930714, 1477930725, 1477930760, 1477930788, 1477930806, 1477930838, 1477930846, 1477930878, 1477930930, 1477930956, 1477930964, 1477930976]"
11,"[6372, 1515, 46, 5783, 6172, 5385, 52, 50, 3662, 3671, 6369, 5047, 54, 947, 2648, 5444, 2651]","[1477930252, 1477930277, 1477930306, 1477930324, 1477930339, 1477930389, 1477930417, 1477930438, 1477930466, 1477930479, 1477930500, 1477930510, 1477930548, 1477930592, 1477930609, 1477930619, 1477930624]"
12,"[5500, 589, 4473, 161, 4448, 4458, 4456, 2873, 136, 3862, 472, 474]","[1477930255, 1477930261, 1477930274, 1477930296, 1477930317, 1477930332, 1477930358, 1477930381, 1477930386, 1477930400, 1477930420, 1477930437]"
13,"[5601, 5599, 5602, 6737, 5493, 3749, 3789, 1146, 1143, 1403, 6739, 4, 549, 1496, 6, 530, 3057, 1644, 1202, 634, 1204, 2804, 291, 2078, 2704, 13, 722, 1675, 78, 4644, 300, 6603, 2792, 76, 5288, 2878, 2446, 2167, 2165, 2416, 1105]","[1477930267, 1477930284, 1477930309, 1477930322, 1477930354, 1477930392, 1477930406, 1477930440, 1477930476, 1477930482, 1477930490, 1477930519, 1477930575, 1477930610, 1477930625, 1477930643, 1477930660, 1477930682, 1477930696, 1477930724, 1477930754, 1477930761, 1477930769, 1477930834, 1477930875, 1477930901, 1477930910, 1477930942, 1477930976, 1477930990, 1477931011, 1477931022, 1477931041, 1477931045, 1477931059, 1477931080, 1477931090, 1477931096, 1477931100, 1477931106, 1477931135]"
14,"[626, 627, 1063, 5068, 1112, 5075, 4611, 6594, 516, 3054, 386, 144, 4656, 539, 3990, 847, 845, 850, 852, 855, 1173]","[1477930272, 1477930312, 1477930342, 1477930365, 1477930389, 1477930444, 1477930493, 1477930506, 1477930517, 1477930536, 1477930586, 1477930629, 1477930644, 1477930656, 1477930676, 1477930683, 1477930686, 1477930689, 1477930696, 1477930734, 1477930770]"
15,"[2118, 2120, 402, 2060, 2058, 39, 5043, 3158, 933, 12, 168, 2774, 1272, 2946, 6503, 164, 5077, 5078, 286, 163]","[1477930276, 1477930296, 1477930302, 1477930311, 1477930323, 1477930334, 1477930376, 1477930453, 1477930457, 1477930488, 1477930537, 1477930546, 1477930576, 1477930606, 1477930615, 1477930634, 1477930657, 1477930663, 1477930672, 1477930686]"
16,"[861, 3991, 544, 1160, 1157, 1575, 1155, 1401, 3239, 3211, 3749, 3788, 4692, 5884, 1059, 253, 261, 255, 1029, 1031, 1019]","[1477930408, 1477930445, 1477930481, 1477930523, 1477930562, 1477930578, 1477930594, 1477930620, 1477930673, 1477930709, 1477930711, 1477930714, 1477930727, 1477930776, 1477930852, 1477930900, 1477930913, 1477930935, 1477930961, 1477930972, 1477930988]"
17,"[177, 3639, 3673, 946, 5137, 1525, 5966, 5967, 4679, 4680, 5139, 1974, 6623, 6627, 4690, 5787, 232, 2330, 2351, 5826, 5827, 1083, 1049, 1046]","[1477930425, 1477930434, 1477930444, 1477930452, 1477930461, 1477930476, 1477930490, 1477930502, 1477930518, 1477930544, 1477930566, 1477930587, 1477930602, 1477930626, 1477930634, 1477930642, 1477930651, 1477930668, 1477930687, 1477930704, 1477930715, 1477930721, 1477930732, 1477930783]"
18,"[3341, 2427, 3340, 2032, 3336, 4659, 2525, 3347, 994, 4658, 114, 2512, 799, 5538, 5542, 5539, 5536, 5534, 3067, 2511, 795, 780, 789, 800, 5647, 4698, 808, 121, 123, 838, 841, 1284, 2492, 839, 866, 204, 851, 847, 846, 5422, 6111, 3466, 1627, 3499, 5205, 5206, 507, 342, 1251, 338, 5956, 5958, 5950, 5952, 870]","[1477930445, 1477930472, 1477930493, 1477930512, 1477930518, 1477930532, 1477930550, 1477930568, 1477930580, 1477930591, 1477930614, 1477930640, 1477930644, 1477930646, 1477930646, 1477930646, 1477930647, 1477930648, 1477930650, 1477930652, 1477930652, 1477930652, 1477930661, 1477930672, 1477930676, 1477930684, 1477930696, 1477930706, 1477930715, 1477930726, 1477930738, 1477930748, 1477930759, 1477930770, 1477930778, 1477930793, 1477930808, 1477930816, 1477930829, 1477930852, 1477930888, 1477930893, 1477930922, 1477930960, 1477931009, 1477931026, 1477931038, 1477931050, 1477931087, 1477931156, 1477931194, 1477931216, 1477931229, 1477931230, 1477931243]"
19,"[4033, 2109, 416, 413, 415, 2110, 4044, 4042, 4037, 317, 5929, 295, 2085, 2081, 2130, 4001, 5163, 3936, 3938, 1206, 4055, 2113, 1220, 3982, 496, 1626, 3468, 3464, 3466, 1627, 3499, 5204, 3500, 509, 5202, 4663, 1229, 4697, 4694]","[1477930451, 1477930457, 1477930463, 1477930468, 1477930472, 1477930474, 1477930475, 1477930486, 1477930530, 1477930547, 1477930583, 1477930609, 1477930626, 1477930639, 1477930657, 1477930694, 1477930719, 1477930721, 1477930730, 1477930748, 1477930756, 1477930778, 1477930803, 1477930842, 1477930882, 1477930895, 1477930896, 1477930896, 1477930896, 1477930897, 1477930899, 1477930900, 1477930900, 1477930900, 1477930900, 1477930901, 1477930902, 1477930904, 1477930916]"
20,"[1802, 768, 2238, 1828, 6085, 1830, 6087, 5894, 3875, 2177, 2160, 5770, 5718, 5910, 2164, 3877, 6010, 5492, 231, 1026, 5785, 5788]","[1477930456, 1477930494, 1477930525, 1477930550, 1477930566, 1477930569, 1477930587, 1477930610, 1477930623, 1477930648, 1477930726, 1477930750, 1477930758, 1477930776, 1477930839, 1477930873, 1477930886, 1477930903, 1477930908, 1477930909, 1477930909, 1477930916]"
21,"[707, 191, 4318, 3016, 3904, 3167, 289, 5167, 4593, 4587, 4584, 4582, 4579, 4576, 4596, 195, 892, 886, 888, 4090, 3506, 193, 4249, 718, 1252, 510, 375, 1316, 511, 513, 1288, 5973, 5972, 1304, 3761, 1302, 3760, 3758, 3756, 5019, 5020, 5022, 3782, 1499, 2553, 3741, 3743, 5962, 3784, 5108, 6702, 2893, 3275, 3274, 2900, 2886, 749, 3798]","[1477930472, 1477930494, 1477930508, 1477930514, 1477930522, 1477930535, 1477930569, 1477930599, 1477930618, 1477930639, 1477930659, 1477930684, 1477930702, 1477930707, 1477930709, 1477930722, 1477930745, 1477930772, 1477930788, 1477930847, 1477930898, 1477930904, 1477930913, 1477930938, 1477930973, 1477931009, 1477931045, 1477931060, 1477931063, 1477931109, 1477931153, 1477931155, 1477931159, 1477931170, 1477931189, 1477931240, 1477931322, 1477931366, 1477931370, 1477931385, 1477931400, 1477931442, 1477931492, 1477931518, 1477931542, 1477931552, 1477931579, 1477931623, 1477931651, 1477931664, 1477931668, 1477931674, 1477931681, 1477931693, 1477931703, 1477931710, 1477931718, 1477931729]"
22,"[402, 2060, 2058, 39, 5042, 2556, 3002, 3004, 4361, 3157, 3160, 3162, 716, 4321, 5812, 191, 4318, 3016]","[1477930474, 1477930494, 1477930512, 1477930530, 1477930542, 1477930557, 1477930566, 1477930572, 1477930579, 1477930591, 1477930599, 1477930616, 1477930632, 1477930638, 1477930646, 1477930663, 1477930675, 1477930682]"
23,"[3551, 3380, 1913, 230, 985, 992, 3234, 952, 1899, 1001, 1000, 5877, 3789, 1146, 1143, 1403, 6739, 3, 6160, 1152]","[1477930474, 1477930486, 1477930510, 1477930532, 1477930546, 1477930556, 1477930583, 1477930613, 1477930638, 1477930657, 1477930660, 1477930679, 1477930699, 1477930730, 1477930758, 1477930762, 1477930770, 1477930776, 1477930818, 1477930866]"
24,"[3795, 2898, 2895, 2843, 442, 4465, 3867, 493, 2887, 3869, 479, 6646, 468, 3409, 95, 6205, 3412, 6215, 1702, 1710, 90, 1092, 84, 5056, 5050, 650, 1719, 2928, 775, 637]","[1477930475, 1477930488, 1477930532, 1477930562, 1477930575, 1477930586, 1477930599, 1477930644, 1477930681, 1477930708, 1477930740, 1477930748, 1477930757, 1477930773, 1477930816, 1477930834, 1477930835, 1477930840, 1477930849, 1477930858, 1477930876, 1477930896, 1477930903, 1477930906, 1477930918, 1477930949, 1477930970, 1477930977, 1477930986, 1477931015]"
25,"[1962, 5791, 2178, 4990, 947, 2648, 5445, 6064]","[1477930492, 1477930508, 1477930521, 1477930548, 1477930570, 1477930593, 1477930607, 1477930622]"
26,"[6372, 1515, 46, 5782, 5784, 5509, 5511, 6171, 1524, 6168, 1128, 6129, 5967, 4678, 3219, 3383, 2012, 1467, 942, 944]","[1477930503, 1477930537, 1477930572, 1477930576, 1477930582, 1477930587, 1477930593, 1477930604, 1477930612, 1477930633, 1477930648, 1477930650, 1477930659, 1477930678, 1477930692, 1477930696, 1477930726, 1477930761, 1477930778, 1477930796]"
27,"[3179, 3192, 991, 983, 987, 6435, 1, 2174, 3110, 3107, 3112, 6097, 3113, 3118, 3121, 4846, 3136, 3130]","[1477930513, 1477930531, 1477930546, 1477930568, 1477930590, 1477930608, 1477930628, 1477930650, 1477930697, 1477930766, 1477930798, 1477930812, 1477930830, 1477930851, 1477930868, 1477930884, 1477930898, 1477930910]"
28,"[1834, 1832, 2236, 6357, 1816, 4538, 5833, 1808, 745, 738, 2332, 736, 4495, 2233, 755, 4489, 1630, 98, 444, 6210, 454, 2551, 5829, 2892, 2887, 3869, 479, 6646, 468, 3409, 95, 6205, 3413, 6124, 3083, 2508, 2752, 3000, 5128, 5135, 5125, 2823, 2452, 4552, 615, 5099, 2878, 2446, 2167, 2165, 2416, 1105]","[1477930516, 1477930537, 1477930588, 1477930623, 1477930702, 1477930749, 1477930775, 1477930828, 1477930843, 1477930866, 1477930880, 1477930891, 1477930898, 1477930926, 1477930957, 1477930972, 1477930997, 1477931032, 1477931050, 1477931071, 1477931092, 1477931096, 1477931132, 1477931167, 1477931170, 1477931178, 1477931199, 1477931217, 1477931221, 1477931228, 1477931259, 1477931284, 1477931316, 1477931348, 1477931355, 1477931376, 1477931398, 1477931408, 1477931412, 1477931425, 1477931447, 1477931454, 1477931458, 1477931469, 1477931477, 1477931494, 1477931516, 1477931524, 1477931552, 1477931580, 1477931586, 1477931625]"
29,"[6052, 6049, 6055, 1292, 3385, 358, 6053, 2957]","[1477930518, 1477930524, 1477930525, 1477930530, 1477930539, 1477930545, 1477930556, 1477930592]"
30,"[2788, 3451, 4605, 2704, 13, 722, 1675, 78, 4644, 300, 6603, 2792, 77, 270, 2724, 5293, 5306, 2770, 2818, 2767, 2729, 2773, 2697, 2737, 2721, 2736, 4570, 2700]","[1477930536, 1477930574, 1477930591, 1477930593, 1477930608, 1477930619, 1477930656, 1477930694, 1477930720, 1477930745, 1477930754, 1477930760, 1477930775, 1477930790, 1477930791, 1477930796, 1477930804, 1477930811, 1477930824, 1477930842, 1477930901, 1477930956, 1477930963, 1477930971, 1477930977, 1477930983, 1477931012, 1477931045]"
31,"[4668, 4669, 4994, 1751, 2494, 5020, 5021, 4677, 3780, 822, 819, 838, 841, 1283, 1368, 1349, 1377, 533, 4707]","[1477930538, 1477930570, 1477930596, 1477930629, 1477930672, 1477930690, 1477930709, 1477930728, 1477930739, 1477930751, 1477930762, 1477930775, 1477930795, 1477930811, 1477930820, 1477930826, 1477930836, 1477930854, 1477930879]"
32,"[1505, 2913, 2911, 119, 116]","[1477930538, 1477930564, 1477930614, 1477930652, 1477930664]"
33,"[2268, 5177, 2263, 1780, 1206, 4055, 2113, 1219, 3497, 2488, 2490, 5366, 127, 814, 6020, 829, 3776]","[1477930552, 1477930568, 1477930599, 1477930621, 1477930641, 1477930654, 1477930689, 1477930719, 1477930731, 1477930785, 1477930856, 1477930882, 1477930893, 1477930906, 1477930917, 1477930932, 1477930969]"
34,"[4642, 2813, 1538, 1483, 6553, 1489, 3158, 933, 12, 168, 2774, 1272, 2946, 6503, 164, 5077, 5078, 286, 162]","[1477930559, 1477930596, 1477930613, 1477930633, 1477930644, 1477930656, 1477930663, 1477930666, 1477930722, 1477930774, 1477930782, 1477930800, 1477930819, 1477930828, 1477930843, 1477930861, 1477930867, 1477930876, 1477930888]"
35,"[2705, 2712, 2127, 14, 4603, 394, 725, 390, 1478, 37, 211, 4368, 3019, 6560, 2480]","[1477930560, 1477930595, 1477930631, 1477930687, 1477930702, 1477930722, 1477930741, 1477930762, 1477930771, 1477930783, 1477930795, 1477930800, 1477930807, 1477930816, 1477930834]"
36,"[2545, 1512, 1517, 1507, 46, 5782, 5784, 5509, 5511, 6171, 1524, 6168]","[1477930561, 1477930579, 1477930594, 1477930626, 1477930660, 1477930666, 1477930675, 1477930682, 1477930688, 1477930699, 1477930712, 1477930752]"
37,"[3169, 3170, 3172, 3914, 6116, 3155, 4995, 3163, 4664, 39, 5043, 3158, 933, 12, 169, 2424, 1106, 172, 2169, 3899, 1889, 2418, 2437]","[1477930583, 1477930600, 1477930619, 1477930626, 1477930631, 1477930638, 1477930655, 1477930667, 1477930668, 1477930678, 1477930736, 1477930801, 1477930809, 1477930865, 1477930888, 1477930896, 1477930901, 1477930912, 1477930931, 1477930943, 1477930954, 1477930966, 1477930980]"
38,"[195, 891, 4145, 881, 895, 898, 371, 4125, 4095, 4128, 3940, 368, 4241, 379, 1255, 1248, 1364, 4253, 777, 3765, 3762, 5973, 5972, 1304, 3760, 3758, 3756, 5018, 3754, 4760]","[1477930590, 1477930597, 1477930615, 1477930639, 1477930648, 1477930670, 1477930707, 1477930724, 1477930729, 1477930755, 1477930776, 1477930797, 1477930814, 1477930834, 1477930852, 1477930858, 1477930864, 1477930885, 1477930903, 1477930922, 1477930952, 1477930962, 1477930968, 1477930981, 1477931004, 1477931018, 1477931022, 1477931034, 1477931056, 1477931086]"
39,"[5507, 5911, 5720, 5718, 5909, 237, 239, 5511, 6170, 6172, 5385, 52, 50, 3662, 3671, 6369, 5047, 55, 5498, 3564, 6362, 3568, 3570, 3422, 3424, 3425, 3728, 5690, 5668]","[1477930626, 1477930645, 1477930646, 1477930647, 1477930648, 1477930650, 1477930659, 1477930676, 1477930683, 1477930712, 1477930756, 1477930786, 1477930808, 1477930820, 1477930830, 1477930845, 1477930861, 1477930883, 1477930902, 1477930936, 1477930965, 1477930971, 1477930983, 1477930996, 1477931012, 1477931018, 1477931020, 1477931022, 1477931025]"
40,"[810, 4715, 806, 1334, 802, 797, 782, 796, 799, 5538, 5542, 5539, 5536, 5534, 3068, 805, 2514, 106, 4661, 4686, 996, 134, 971, 973, 976, 3381]","[1477930690, 1477930704, 1477930712, 1477930723, 1477930740, 1477930760, 1477930780, 1477930798, 1477930834, 1477930854, 1477930856, 1477930857, 1477930872, 1477930889, 1477930896, 1477930922, 1477930956, 1477930976, 1477930985, 1477930990, 1477931024, 1477931072, 1477931094, 1477931095, 1477931108, 1477931136]"
41,"[914, 5122, 932, 75, 4370, 1490, 1485, 2466, 268, 2464, 5304, 79, 4597, 2883, 2882]","[1477930695, 1477930712, 1477930716, 1477930742, 1477930774, 1477930780, 1477930796, 1477930815, 1477930835, 1477930882, 1477930906, 1477930934, 1477930978, 1477931024, 1477931050]"
42,"[2703, 276, 5089, 6576, 617, 2806, 146, 4554, 2451, 2915, 2876, 6486, 2817, 4643, 5302, 5305, 4601, 4603, 394, 725, 390, 1478, 37, 211, 4368, 3019, 6560, 2480]","[1477930695, 1477930732, 1477930756, 1477930778, 1477930812, 1477930849, 1477930864, 1477930900, 1477930913, 1477930936, 1477930948, 1477930981, 1477931030, 1477931043, 1477931044, 1477931063, 1477931086, 1477931116, 1477931143, 1477931156, 1477931199, 1477931236, 1477931246, 1477931258, 1477931270, 1477931296, 1477931323, 1477931339]"
43,"[2697, 2737, 2721, 2736, 4570, 2700]","[1477930696, 1477930714, 1477930724, 1477930732, 1477930747, 1477930768]"
44,"[29, 6592, 2931, 21, 4407]","[1477930717, 1477930750, 1477930763, 1477930768, 1477930777]"
45,"[3156, 4321, 5812, 189, 3173, 190]","[1477930723, 1477930732, 1477930758, 1477930780, 1477930781, 1477930795]"
46,"[4713, 1161, 545, 3992, 860, 1495, 3240, 1497, 956, 1604, 1096, 562, 652, 3438, 2920, 2919, 2930, 1718, 8, 5061, 2506, 273, 274, 2846, 2775, 277, 280, 282, 5754, 2395, 5750, 4411]","[1477930731, 1477930803, 1477930820, 1477930838, 1477930868, 1477930895, 1477930909, 1477930915, 1477930927, 1477930981, 1477931029, 1477931063, 1477931116, 1477931140, 1477931141, 1477931158, 1477931202, 1477931244, 1477931286, 1477931346, 1477931390, 1477931406, 1477931410, 1477931474, 1477931526, 1477931552, 1477931592, 1477931626, 1477931642, 1477931660, 1477931678, 1477931687]"
47,"[5813, 5628, 5814, 2988, 3102, 3117, 3105, 3091, 6100, 1755, 4916, 1968, 1961, 4911, 1955]","[1477930733, 1477930744, 1477930762, 1477930776, 1477930792, 1477930800, 1477930810, 1477930848, 1477930871, 1477930888, 1477930907, 1477930934, 1477930964, 1477930989, 1477931006]"
48,"[1808, 745, 738, 2332, 736, 4495, 2233, 755, 4489, 1630, 98, 444, 6210, 454, 2551, 5829, 2892, 2888, 6700, 1730, 5107, 3838, 5743, 6327, 3751, 564, 6494, 570, 1055, 6495, 3791, 6381, 6392, 1057, 559]","[1477930747, 1477930771, 1477930802, 1477930818, 1477930828, 1477930834, 1477930840, 1477930850, 1477930862, 1477930884, 1477930909, 1477930924, 1477930955, 1477930986, 1477930990, 1477931018, 1477931047, 1477931048, 1477931054, 1477931064, 1477931070, 1477931086, 1477931098, 1477931127, 1477931204, 1477931251, 1477931270, 1477931298, 1477931341, 1477931367, 1477931378, 1477931384, 1477931394, 1477931440, 1477931496]"
49,"[5492, 231, 1027, 3833, 3879, 223, 6079, 1419, 1425, 1428, 1439, 1434, 1904, 3555, 1554, 1564, 3234, 952, 1899, 1001, 1000, 5877, 3789, 1146, 1144]","[1477930748, 1477930788, 1477930796, 1477930819, 1477930842, 1477930870, 1477930890, 1477930907, 1477930930, 1477930943, 1477930957, 1477930981, 1477930992, 1477930998, 1477931006, 1477931013, 1477931025, 1477931042, 1477931064, 1477931082, 1477931086, 1477931125, 1477931163, 1477931182, 1477931199]"
50,"[652, 3439, 661, 2196, 565, 4671, 1055, 6495, 3791, 6381, 6392, 1057, 560, 1146]","[1477930750, 1477930776, 1477930803, 1477930830, 1477930852, 1477930895, 1477930946, 1477930965, 1477930971, 1477930984, 1477931011, 1477931043, 1477931064, 1477931084]"
51,"[3546, 1938, 3530, 3535, 1950, 3526, 966, 3572, 3589, 969, 1425, 1429, 1423, 1417, 3836, 1035, 5428, 2312, 1029, 1033, 242, 2242, 2011]","[1477930751, 1477930784, 1477930822, 1477930834, 1477930840, 1477930862, 1477930894, 1477930914, 1477930956, 1477930990, 1477931000, 1477931024, 1477931057, 1477931082, 1477931088, 1477931106, 1477931151, 1477931179, 1477931190, 1477931219, 1477931252, 1477931273, 1477931291]"
52,"[3795, 2898, 2895, 2844, 2862, 2856]","[1477930758, 1477930772, 1477930808, 1477930851, 1477930880, 1477930895]"
53,"[4533, 2229, 2243, 739, 746]","[1477930759, 1477930789, 1477930824, 1477930855, 1477930868]"
54,"[2921, 3441, 5705, 83, 1093, 3846, 3848, 1690, 6206, 473, 2832, 2833, 2866, 2835, 1893, 4421, 6058, 267, 5333, 2496, 5335]","[1477930780, 1477930880, 1477930942, 1477930956, 1477930975, 1477930986, 1477930990, 1477930994, 1477931058, 1477931122, 1477931132, 1477931141, 1477931150, 1477931170, 1477931185, 1477931190, 1477931201, 1477931210, 1477931221, 1477931236, 1477931246]"
55,"[1875, 3014, 4058, 3937, 5162, 5163, 3935, 5027, 185, 3011, 702, 5953, 882, 881, 894, 4143, 165, 4152]","[1477930783, 1477930808, 1477930824, 1477930830, 1477930831, 1477930832, 1477930836, 1477930858, 1477930882, 1477930902, 1477930927, 1477930965, 1477930991, 1477931000, 1477931010, 1477931041, 1477931076, 1477931084]"
56,"[1749, 899, 897, 878, 884, 3955, 875, 4078, 869, 5951, 873, 3014, 4058, 3937, 5161, 4002, 4049, 4046, 2143]","[1477930810, 1477930848, 1477930886, 1477930894, 1477930898, 1477930908, 1477930920, 1477930934, 1477930954, 1477930977, 1477931021, 1477931040, 1477931068, 1477931093, 1477931103, 1477931117, 1477931134, 1477931156, 1477931185]"
57,"[3121, 4848, 3101, 2990, 5813, 5630, 3095, 6267, 5626, 5622, 5026, 110, 132, 978, 994, 4658, 114, 2513, 121, 123, 838, 841, 1284, 2492, 839, 864]","[1477930823, 1477930862, 1477930902, 1477930916, 1477930933, 1477930955, 1477930976, 1477930980, 1477930985, 1477931011, 1477931029, 1477931044, 1477931052, 1477931063, 1477931076, 1477931087, 1477931112, 1477931178, 1477931216, 1477931224, 1477931234, 1477931258, 1477931265, 1477931272, 1477931281, 1477931289]"
58,"[351, 2296, 332, 345, 1857, 1863, 1867, 328, 2263, 1779, 3936, 3937, 5161, 4002, 4049, 4047, 4051, 4015, 4053, 4627, 2805, 2762, 631, 2741, 2784, 1741]","[1477930838, 1477930865, 1477930888, 1477930903, 1477930932, 1477930957, 1477930975, 1477931000, 1477931026, 1477931047, 1477931059, 1477931062, 1477931082, 1477931108, 1477931132, 1477931194, 1477931253, 1477931269, 1477931321, 1477931348, 1477931374, 1477931410, 1477931489, 1477931540, 1477931544, 1477931568]"
59,"[6114, 6115, 2267, 3912, 3909, 3914, 6116, 3156, 4321, 5812, 190]","[1477930864, 1477930877, 1477930879, 1477930883, 1477930887, 1477930890, 1477930891, 1477930891, 1477930892, 1477930894, 1477930914]"
60,"[3218, 6336, 3198, 1583, 1769, 3232, 1767, 2957]","[1477930865, 1477930916, 1477930972, 1477930984, 1477931010, 1477931063, 1477931116, 1477931147]"
61,"[1328, 6652, 1344, 1313, 2288, 4750, 1772, 3479, 3481, 6119, 4300, 4297, 2294, 1592, 3191]","[1477930873, 1477930891, 1477930908, 1477930921, 1477930944, 1477930962, 1477930994, 1477931008, 1477931031, 1477931048, 1477931065, 1477931084, 1477931106, 1477931135, 1477931162]"
62,"[1506, 4669, 4994, 1751, 2494, 5020, 5021, 4677, 3780, 822, 819, 838, 841, 1284, 2492, 839, 864, 1171, 535]","[1477930883, 1477930914, 1477930940, 1477930976, 1477931022, 1477931040, 1477931060, 1477931083, 1477931095, 1477931107, 1477931125, 1477931144, 1477931162, 1477931170, 1477931178, 1477931192, 1477931208, 1477931239, 1477931273]"
63,"[914, 5122, 932, 74, 209, 211, 4368, 3019, 6560, 2480]","[1477930918, 1477930939, 1477930948, 1477930986, 1477931040, 1477931060, 1477931066, 1477931079, 1477931090, 1477931108]"
64,"[195, 892, 886, 888, 4090, 3506, 192, 3504, 3967, 365, 339]","[1477930920, 1477930943, 1477930961, 1477930986, 1477931026, 1477931042, 1477931045, 1477931056, 1477931074, 1477931088, 1477931100]"
65,"[10, 2473, 2810, 3020, 3021, 4988, 2725, 2715, 2786, 2788, 3451, 4606, 4599, 4607, 4633, 4634, 4628, 4629, 4621, 4613, 4618, 4623, 4626, 3182, 3241, 5149, 6161, 3239, 3211, 3750, 1519, 3224, 3214, 5916, 3208, 3177, 954, 1548]","[1477930924, 1477930930, 1477930967, 1477931003, 1477931006, 1477931057, 1477931108, 1477931117, 1477931136, 1477931156, 1477931172, 1477931183, 1477931198, 1477931215, 1477931267, 1477931295, 1477931322, 1477931357, 1477931388, 1477931400, 1477931420, 1477931440, 1477931469, 1477931491, 1477931508, 1477931536, 1477931570, 1477931621, 1477931646, 1477931656, 1477931673, 1477931680, 1477931682, 1477931698, 1477931718, 1477931727, 1477931742, 1477931764]"
66,"[195, 891, 4145, 880, 878, 885, 883, 1873]","[1477930932, 1477930939, 1477930947, 1477930956, 1477930957, 1477930959, 1477930966, 1477931039]"
67,"[77, 270, 2723, 619, 6601, 5764, 5086, 282, 5754, 2395, 5750, 4411]","[1477930936, 1477930957, 1477930980, 1477931007, 1477931021, 1477931037, 1477931045, 1477931051, 1477931062, 1477931074, 1477931088, 1477931095]"
68,"[4332, 4355, 4340, 703, 15, 421, 6558, 6560, 2480]","[1477930937, 1477930958, 1477930988, 1477931004, 1477931014, 1477931020, 1477931031, 1477931045, 1477931062]"
69,"[228, 5778, 5784, 5509, 5511, 6170, 6172, 5386, 5388, 5138, 3242, 3650, 1054, 2636, 2637, 3775, 3753, 5251, 3222, 1767]","[1477930948, 1477930980, 1477930992, 1477930997, 1477931004, 1477931020, 1477931057, 1477931106, 1477931125, 1477931165, 1477931248, 1477931322, 1477931343, 1477931363, 1477931423, 1477931528, 1477931574, 1477931612, 1477931659, 1477931690]"
70,"[2776, 1890, 147, 4419, 264, 2797, 4425, 5337]","[1477930984, 1477931012, 1477931018, 1477931026, 1477931033, 1477931037, 1477931047, 1477931060]"
71,"[1272, 2946, 6503, 164, 5077, 5078, 285, 2779, 2794, 2925, 6504, 2800, 6515, 2936, 4568, 2696, 2720, 2745, 213, 920, 2909]","[1477930986, 1477931027, 1477931029, 1477931031, 1477931033, 1477931034, 1477931034, 1477931035, 1477931036, 1477931037, 1477931039, 1477931046, 1477931056, 1477931080, 1477931113, 1477931132, 1477931147, 1477931177, 1477931202, 1477931213, 1477931222]"
72,"[6372, 1516, 1517, 1508, 1510]","[1477930992, 1477931013, 1477931037, 1477931049, 1477931064]"
73,"[2292, 4298, 4301, 6120, 3482, 3480, 3477, 3471, 3757, 3196, 3460, 3463, 6197, 5227, 4675, 1227, 4697, 4694, 4695, 1230, 3468, 3465, 6112, 3320, 5421, 850, 851, 848, 854, 184, 344, 2487, 524, 325, 2123, 6251, 6249, 2074, 5180, 2076, 5419, 1852, 3155, 4995, 3163, 4664, 39, 5043, 3158, 933, 11, 2782, 213, 923]","[1477931003, 1477931022, 1477931040, 1477931062, 1477931080, 1477931100, 1477931139, 1477931232, 1477931313, 1477931348, 1477931384, 1477931389, 1477931425, 1477931461, 1477931463, 1477931466, 1477931470, 1477931474, 1477931476, 1477931479, 1477931483, 1477931484, 1477931496, 1477931509, 1477931521, 1477931532, 1477931536, 1477931542, 1477931552, 1477931569, 1477931590, 1477931606, 1477931632, 1477931654, 1477931674, 1477931692, 1477931698, 1477931700, 1477931704, 1477931710, 1477931718, 1477931734, 1477931750, 1477931767, 1477931778, 1477931778, 1477931788, 1477931840, 1477931911, 1477931959, 1477931963, 1477931988, 1477932009, 1477932025]"
74,"[1690, 6206, 473, 2832, 2834, 137, 4469, 2503, 4466, 218, 3866, 441, 2899, 727, 215, 4545, 3293, 465, 4483]","[1477931007, 1477931104, 1477931163, 1477931178, 1477931220, 1477931260, 1477931279, 1477931295, 1477931306, 1477931316, 1477931360, 1477931396, 1477931408, 1477931429, 1477931461, 1477931482, 1477931492, 1477931504, 1477931533]"
75,"[2695, 4434, 4432, 4429, 5415, 2819, 2708, 264, 2797, 4425, 5337]","[1477931012, 1477931020, 1477931025, 1477931026, 1477931026, 1477931027, 1477931027, 1477931027, 1477931028, 1477931048, 1477931067]"
76,"[745, 740, 2244, 2228, 4532]","[1477931043, 1477931070, 1477931096, 1477931115, 1477931143]"
77,"[3796, 5743, 6327, 3751, 564, 6494, 569, 565, 4670, 3444, 3442, 2927, 2924, 2917, 2920, 2918, 1090, 1098, 663, 2547, 1088, 5651, 5, 3183, 1174, 143]","[1477931045, 1477931102, 1477931132, 1477931184, 1477931216, 1477931242, 1477931302, 1477931330, 1477931339, 1477931341, 1477931350, 1477931378, 1477931406, 1477931426, 1477931438, 1477931439, 1477931452, 1477931471, 1477931485, 1477931487, 1477931490, 1477931522, 1477931552, 1477931565, 1477931594, 1477931630]"
78,"[177, 3638, 179, 5394, 52, 50, 3662, 3671, 6369, 5047, 55, 5498, 3564, 6362, 3569]","[1477931058, 1477931070, 1477931097, 1477931124, 1477931139, 1477931157, 1477931176, 1477931188, 1477931206, 1477931218, 1477931242, 1477931263, 1477931292, 1477931308, 1477931312]"
79,"[4034, 2117, 4033, 2110, 4044, 4042, 4037, 317, 5929, 295, 2085, 2081, 2130, 4001, 5163, 3936, 3938, 1206, 4055, 2113, 1220, 3982, 496, 1626, 3468, 3464, 3466, 1627, 3499, 5204, 3500, 509, 5202, 4663, 1229, 4697, 4694, 4696, 1228, 4673, 5227, 4674, 6162, 1223, 1358, 1225, 5253, 5190, 1288, 5973, 5972, 1303]","[1477931072, 1477931092, 1477931104, 1477931108, 1477931114, 1477931124, 1477931136, 1477931141, 1477931150, 1477931166, 1477931187, 1477931200, 1477931224, 1477931270, 1477931300, 1477931302, 1477931310, 1477931326, 1477931338, 1477931356, 1477931380, 1477931401, 1477931448, 1477931486, 1477931486, 1477931486, 1477931486, 1477931488, 1477931490, 1477931491, 1477931492, 1477931492, 1477931492, 1477931493, 1477931495, 1477931497, 1477931504, 1477931505, 1477931506, 1477931507, 1477931518, 1477931542, 1477931572, 1477931596, 1477931637, 1477931693, 1477931722, 1477931725, 1477931727, 1477931728, 1477931731, 1477931742]"
80,"[412, 2058, 39, 5043, 3158, 933, 11, 2782, 213, 923]","[1477931082, 1477931110, 1477931124, 1477931164, 1477931217, 1477931220, 1477931222, 1477931231, 1477931246, 1477931260]"
81,"[4597, 2884, 2410, 5746, 2411, 80, 2742, 627, 1062, 5156, 1567, 632, 4620]","[1477931087, 1477931112, 1477931135, 1477931138, 1477931191, 1477931240, 1477931264, 1477931298, 1477931326, 1477931352, 1477931396, 1477931420, 1477931444]"
82,"[2465, 2460, 397, 394, 725, 390, 1478, 37, 211, 4369, 4367]","[1477931098, 1477931130, 1477931148, 1477931162, 1477931194, 1477931227, 1477931237, 1477931246, 1477931257, 1477931271, 1477931287]"
83,"[3169, 3170, 3172, 3914, 6116]","[1477931106, 1477931120, 1477931138, 1477931152, 1477931170]"
84,"[2073, 2064, 1852, 3156, 4321, 5812, 191, 4318, 3016, 3904, 3167, 289, 5167, 4593, 4587, 4584, 4582, 4579, 4576, 4596, 195, 891, 4145, 881, 894, 4143, 165, 4152]","[1477931120, 1477931138, 1477931163, 1477931184, 1477931186, 1477931202, 1477931226, 1477931236, 1477931241, 1477931251, 1477931265, 1477931304, 1477931339, 1477931361, 1477931385, 1477931408, 1477931436, 1477931457, 1477931464, 1477931465, 1477931481, 1477931492, 1477931505, 1477931523, 1477931534, 1477931542, 1477931553, 1477931559]"
85,"[3530, 3535, 1950, 3526, 967, 235, 1913, 229, 980, 3354, 978, 994, 4658, 114, 2512, 799, 5538, 5541, 6350, 1187, 1345, 6653]","[1477931121, 1477931134, 1477931139, 1477931199, 1477931228, 1477931298, 1477931354, 1477931367, 1477931385, 1477931404, 1477931416, 1477931428, 1477931439, 1477931456, 1477931496, 1477931541, 1477931566, 1477931586, 1477931608, 1477931625, 1477931667, 1477931685]"
86,"[3393, 1594, 2292, 4298, 4301, 6120, 3483, 3485, 4287, 3487, 3072, 3489, 5380, 3074, 1776, 5239, 4999, 1310, 5539, 5536, 5534, 3068, 805, 2514, 106, 4661, 4686, 996, 134, 971, 973, 976]","[1477931140, 1477931171, 1477931192, 1477931212, 1477931230, 1477931251, 1477931265, 1477931276, 1477931295, 1477931306, 1477931310, 1477931316, 1477931332, 1477931344, 1477931351, 1477931366, 1477931388, 1477931414, 1477931430, 1477931446, 1477931466, 1477931475, 1477931501, 1477931530, 1477931547, 1477931554, 1477931558, 1477931571, 1477931607, 1477931634, 1477931635, 1477931644]"
87,"[5432, 2747, 4404, 2779, 2794, 2925, 6504, 2800, 6515, 2936, 4568, 2696, 2720, 2745, 212, 929, 6493, 5119, 919, 932, 75, 4370, 1491, 1480, 36, 2726, 2554, 3004, 4361, 3157, 3160, 3162, 716, 4321, 5812, 191, 4318, 3016, 3904, 3167, 289, 5167, 4593, 4587, 4584, 4582, 4579, 4576, 4596, 195, 891, 4146, 4141, 4143, 165, 4152]","[1477931141, 1477931147, 1477931154, 1477931163, 1477931168, 1477931177, 1477931186, 1477931189, 1477931198, 1477931222, 1477931254, 1477931267, 1477931276, 1477931327, 1477931369, 1477931403, 1477931456, 1477931482, 1477931490, 1477931498, 1477931502, 1477931512, 1477931525, 1477931537, 1477931542, 1477931546, 1477931550, 1477931554, 1477931561, 1477931568, 1477931576, 1477931588, 1477931644, 1477931668, 1477931700, 1477931717, 1477931728, 1477931732, 1477931740, 1477931752, 1477931785, 1477931815, 1477931834, 1477931854, 1477931874, 1477931898, 1477931915, 1477931921, 1477931922, 1477931936, 1477931951, 1477931967, 1477931993, 1477932022, 1477932034, 1477932041]"
88,"[5432, 2747, 4404, 2778, 5079, 5082, 6433, 5085, 2438, 5768, 5283, 5290, 6581, 5291, 618, 2447, 4387]","[1477931148, 1477931156, 1477931178, 1477931187, 1477931214, 1477931249, 1477931268, 1477931280, 1477931294, 1477931309, 1477931326, 1477931356, 1477931376, 1477931378, 1477931384, 1477931392, 1477931404]"
89,"[3413, 6125, 2506, 273, 274, 2846, 2776, 1890, 147, 4419, 264, 2798, 2819, 2709, 4428, 4415, 2702]","[1477931157, 1477931204, 1477931235, 1477931273, 1477931295, 1477931323, 1477931352, 1477931362, 1477931364, 1477931367, 1477931370, 1477931370, 1477931371, 1477931372, 1477931376, 1477931382, 1477931386]"
90,"[1962, 5792, 5793, 1068, 1065, 5858, 5857, 988, 975, 229, 980, 3354, 978, 994, 4658, 114, 2512, 799, 5538, 5542, 5539, 5536, 5534, 3067, 2511, 795, 780, 789, 800, 5647, 4698, 808, 121, 123, 838, 841, 1284, 2492, 839, 866, 205, 201]","[1477931160, 1477931198, 1477931201, 1477931217, 1477931243, 1477931267, 1477931282, 1477931290, 1477931304, 1477931306, 1477931326, 1477931342, 1477931352, 1477931364, 1477931373, 1477931390, 1477931418, 1477931421, 1477931422, 1477931422, 1477931422, 1477931423, 1477931424, 1477931425, 1477931426, 1477931426, 1477931428, 1477931437, 1477931452, 1477931456, 1477931465, 1477931477, 1477931486, 1477931496, 1477931508, 1477931538, 1477931564, 1477931574, 1477931586, 1477931592, 1477931603, 1477931630]"
91,"[3202, 6056, 3769, 3220, 3768, 3786, 3765, 3762, 5973, 5972, 1304, 3760, 3758, 3756, 5019, 5020, 5021, 4676, 828, 126, 125, 806, 1334, 801, 4698, 807, 6258, 6256, 812, 5618, 3781, 836, 2633, 3782, 1499, 2553, 3741, 3743]","[1477931162, 1477931179, 1477931196, 1477931203, 1477931210, 1477931224, 1477931240, 1477931254, 1477931259, 1477931262, 1477931268, 1477931278, 1477931285, 1477931287, 1477931300, 1477931316, 1477931334, 1477931360, 1477931376, 1477931384, 1477931400, 1477931410, 1477931413, 1477931416, 1477931419, 1477931426, 1477931430, 1477931447, 1477931466, 1477931480, 1477931486, 1477931489, 1477931554, 1477931634, 1477931690, 1477931742, 1477931758, 1477931798]"
92,"[3473, 3491, 3477, 3471, 3756, 5019, 5020, 5021, 4677, 3780, 822, 819, 838, 841, 1283, 1368, 1349, 1377, 533, 4706]","[1477931165, 1477931186, 1477931207, 1477931280, 1477931318, 1477931338, 1477931358, 1477931378, 1477931397, 1477931408, 1477931420, 1477931439, 1477931453, 1477931478, 1477931500, 1477931507, 1477931513, 1477931522, 1477931537, 1477931550]"
93,"[5432, 2747, 4404, 2778, 5079, 5082, 6433, 5085, 2438, 5768, 5282, 5087, 5756, 5089, 6576, 617, 2806]","[1477931168, 1477931174, 1477931182, 1477931187, 1477931202, 1477931232, 1477931256, 1477931275, 1477931290, 1477931305, 1477931313, 1477931323, 1477931370, 1477931420, 1477931451, 1477931488, 1477931514]"
94,"[2238, 1828, 6085, 1831, 1833, 5888, 6373, 2659, 5745, 5778, 5784, 5509, 5511, 6170, 6172, 5385, 52, 50, 3662, 3671, 6368, 6370, 5046, 3421, 3435, 2641, 948, 4774, 5793, 1069, 2174, 3110, 3108]","[1477931183, 1477931205, 1477931208, 1477931219, 1477931251, 1477931266, 1477931304, 1477931318, 1477931328, 1477931349, 1477931358, 1477931363, 1477931368, 1477931373, 1477931396, 1477931427, 1477931455, 1477931472, 1477931492, 1477931509, 1477931519, 1477931536, 1477931553, 1477931581, 1477931611, 1477931631, 1477931656, 1477931669, 1477931700, 1477931701, 1477931720, 1477931746, 1477931777]"
95,"[661, 2196, 565, 4671, 1055, 6495, 3791, 6381, 6392, 1057, 560, 1145, 3212, 3748, 816, 6016, 6018, 6021, 810, 4714]","[1477931189, 1477931216, 1477931237, 1477931261, 1477931285, 1477931295, 1477931298, 1477931303, 1477931322, 1477931352, 1477931381, 1477931391, 1477931414, 1477931447, 1477931471, 1477931488, 1477931494, 1477931496, 1477931512, 1477931544]"
96,"[2268, 5177, 2262, 2075, 1414]","[1477931209, 1477931240, 1477931245, 1477931251, 1477931271]"
97,"[6056, 3769, 3220, 3768, 3786, 3765, 3762, 5973, 5972, 1304, 3760, 3758, 3756, 5019, 5020, 5021, 4677, 3779, 809, 812, 5618, 3781, 836, 2634, 1572, 5586, 6662, 5602, 6737, 5493, 3749, 3788, 4692, 5884, 1058, 6234, 3792, 3446, 3773, 6014, 225, 6718, 6185, 2896, 6330, 5108, 6702, 2893, 3275, 3274, 2899, 727, 216, 4521, 4511]","[1477931246, 1477931256, 1477931262, 1477931269, 1477931281, 1477931298, 1477931306, 1477931311, 1477931314, 1477931317, 1477931329, 1477931335, 1477931337, 1477931348, 1477931360, 1477931374, 1477931388, 1477931396, 1477931402, 1477931406, 1477931413, 1477931419, 1477931421, 1477931427, 1477931432, 1477931436, 1477931440, 1477931446, 1477931454, 1477931463, 1477931473, 1477931476, 1477931487, 1477931506, 1477931525, 1477931535, 1477931555, 1477931564, 1477931582, 1477931591, 1477931600, 1477931613, 1477931624, 1477931634, 1477931642, 1477931649, 1477931656, 1477931667, 1477931673, 1477931694, 1477931728, 1477931752, 1477931772, 1477931797, 1477931824]"
98,"[1364, 4253, 777, 3765, 3762, 5973, 5972, 1303, 1192, 1302, 3760, 3758, 3756, 5019, 5020, 5021, 4677, 3778, 1177]","[1477931246, 1477931258, 1477931283, 1477931316, 1477931336, 1477931341, 1477931344, 1477931358, 1477931366, 1477931374, 1477931384, 1477931393, 1477931395, 1477931410, 1477931420, 1477931434, 1477931453, 1477931469, 1477931492]"
99,"[3796, 5743, 6327, 3751, 563, 3437, 6384, 6460, 6381, 6392, 1057, 560, 1145, 3211, 3750, 1519, 3224, 3215, 1001, 1000, 5877]","[1477931268, 1477931321, 1477931352, 1477931416, 1477931443, 1477931446, 1477931449, 1477931479, 1477931509, 1477931531, 1477931572, 1477931604, 1477931614, 1477931618, 1477931632, 1477931654, 1477931686, 1477931698, 1477931710, 1477931716, 1477931742]"
