traj_id,mm_id,path,timestamp,driver_id
0,577,"[5497, 243, 7450, 8809, 8812, 245, 7938, 780, 8485, 8655, 837, 8275, 778, 8300, 8792, 7715, 8784, 947, 1059, 3360, 7930, 5503, 759, 763, 764, 4770, 862, 844]","[1372636853, 1372636898, 1372636909, 1372636912, 1372636913, 1372636919, 1372636928, 1372636943, 1372636958, 1372636978, 1372636988, 1372637040, 1372637048, 1372637061, 1372637063, 1372637073, 1372637078, 1372637093, 1372637097, 1372637103, 1372637108, 1372637116, 1372637123, 1372637153, 1372637163, 1372637166, 1372637168, 1372637213]",20000380
1,0,"[492, 1068, 490, 238, 3417, 8489, 3416, 235, 3400, 5136, 1165, 2376, 1058, 714, 716, 7036, 5692, 5694, 8269, 7832, 815, 814]","[1372636858, 1372636888, 1372636918, 1372636948, 1372636970, 1372636971, 1372636972, 1372636978, 1372636993, 1372637008, 1372637023, 1372637042, 1372637053, 1372637083, 1372637098, 1372637105, 1372637113, 1372637114, 1372637119, 1372637123, 1372637128, 1372637143]",20000589
2,10,"[7986, 10595, 7987, 47, 40, 42, 60, 10056, 872, 5698, 875, 52, 54, 57, 5135, 7069, 10404, 746, 10442, 740]","[1372636875, 1372636890, 1372636907, 1372636920, 1372636928, 1372636935, 1372636950, 1372636965, 1372636980, 1372637040, 1372637051, 1372637055, 1372637085, 1372637090, 1372637100, 1372637115, 1372637117, 1372637130, 1372637145, 1372637175]",20000233
3,51,"[52, 54, 57, 5135, 7070, 7071, 7066, 7073, 7086, 7846, 822, 820, 3113, 5682, 5683, 818, 922, 162, 8512, 11011, 8508, 264, 9728, 9339, 160, 5677, 808, 5707, 1692, 812, 816, 7831, 8267, 7052, 5691, 1735, 10479, 3454, 3452, 1485, 1487, 3447, 1494, 706]","[1372636956, 1372636970, 1372636971, 1372636991, 1372637016, 1372637031, 1372637040, 1372637046, 1372637074, 1372637076, 1372637121, 1372637132, 1372637136, 1372637151, 1372637159, 1372637162, 1372637166, 1372637196, 1372637201, 1372637211, 1372637217, 1372637223, 1372637226, 1372637241, 1372637248, 1372637252, 1372637256, 1372637263, 1372637266, 1372637271, 1372637274, 1372637281, 1372637286, 1372637301, 1372637310, 1372637311, 1372637316, 1372637331, 1372637361, 1372637376, 1372637383, 1372637391, 1372637396, 1372637406]",20000167
4,5,"[8500, 7855, 7737, 8810, 7451, 241, 5498, 7008, 6617, 380, 381, 5833, 5832, 1038, 5834, 410, 11088, 411, 404, 405, 398, 16, 10095, 13, 4805, 4807, 2179, 2219, 2202, 2205, 2211, 2215, 2190, 5198, 2192, 4903, 2234, 2195, 2250, 4911, 2233, 6139]","[1372636965, 1372636980, 1372636985, 1372636987, 1372636988, 1372636995, 1372637010, 1372637025, 1372637129, 1372637130, 1372637172, 1372637175, 1372637175, 1372637188, 1372637190, 1372637200, 1372637200, 1372637202, 1372637202, 1372637203, 1372637205, 1372637220, 1372637235, 1372637243, 1372637245, 1372637250, 1372637252, 1372637265, 1372637269, 1372637271, 1372637280, 1372637283, 1372637286, 1372637290, 1372637295, 1372637310, 1372637317, 1372637320, 1372637321, 1372637325, 1372637339, 1372637340]",20000231
5,6,"[11089, 414, 1090, 4696, 2173, 4745, 10305, 10304, 10301, 5660, 10216, 10217, 5662, 7252, 7254, 7250, 7256, 9165, 2166, 2157, 982, 991, 8768, 868, 7020, 768, 9100, 7899, 864, 9102, 865, 951, 850, 848, 7889, 7888, 858, 861, 7901, 764, 4770, 862, 844, 7814, 838, 7811, 6649, 940, 7804]","[1372637210, 1372637225, 1372637255, 1372637260, 1372637270, 1372637276, 1372637280, 1372637285, 1372637300, 1372637315, 1372637322, 1372637328, 1372637330, 1372637336, 1372637343, 1372637345, 1372637351, 1372637360, 1372637390, 1372637393, 1372637395, 1372637405, 1372637460, 1372637463, 1372637465, 1372637480, 1372637486, 1372637495, 1372637496, 1372637501, 1372637504, 1372637507, 1372637517, 1372637523, 1372637529, 1372637530, 1372637535, 1372637538, 1372637540, 1372637573, 1372637579, 1372637585, 1372637600, 1372637630, 1372637653, 1372637660, 1372637675, 1372637690, 1372637705]",20000456
6,55,"[1692, 812, 816, 7831, 8267, 7052, 5691, 1735, 10479, 3454, 3452, 1485, 1487, 3447, 1494, 706, 3492, 9560, 11054, 9451, 3502, 3504, 3503, 11055, 9559, 3493, 7235, 7237, 7238, 495, 794, 792, 522, 5162, 516, 518, 519, 5479, 5425, 6797, 9061, 183, 184, 1956, 5468, 266, 4568, 10424, 4554, 4556, 4557, 8521]","[1372637230, 1372637248, 1372637260, 1372637267, 1372637272, 1372637275, 1372637303, 1372637305, 1372637311, 1372637320, 1372637352, 1372637365, 1372637380, 1372637386, 1372637389, 1372637395, 1372637407, 1372637410, 1372637418, 1372637421, 1372637425, 1372637470, 1372637517, 1372637522, 1372637530, 1372637545, 1372637560, 1372637562, 1372637566, 1372637569, 1372637569, 1372637575, 1372637580, 1372637586, 1372637589, 1372637590, 1372637620, 1372637650, 1372637651, 1372637653, 1372637655, 1372637657, 1372637659, 1372637660, 1372637662, 1372637665, 1372637703, 1372637710, 1372637740, 1372637746, 1372637755, 1372637800]",20000503
7,95,"[7280, 7540, 11011, 8508, 264, 9728, 9339, 161, 8510, 372, 5107, 1723, 1713, 3283, 3281, 1711, 7082, 1168, 3278, 3286, 3288, 872, 5698, 875, 52, 54, 58, 23, 22, 75, 8237, 6768, 1062, 28]","[1372637247, 1372637277, 1372637293, 1372637297, 1372637301, 1372637303, 1372637307, 1372637322, 1372637337, 1372637352, 1372637367, 1372637382, 1372637385, 1372637387, 1372637388, 1372637391, 1372637392, 1372637395, 1372637397, 1372637406, 1372637409, 1372637412, 1372637422, 1372637426, 1372637427, 1372637487, 1372637502, 1372637511, 1372637517, 1372637532, 1372637577, 1372637591, 1372637592, 1372637607]",20000067
8,21,"[4276, 4280, 8961, 4290, 7131, 4130, 4120, 2707, 8819, 4310, 2678, 2033, 2718, 7491, 2036, 9040, 10185, 4237, 9630, 282, 279, 284, 274, 294, 300, 2634, 2645, 8358, 8361, 8368, 10571, 8370, 2285, 5371, 316, 317, 319, 6613, 8309, 6612, 8308, 6604, 8516, 8514, 6600, 6566, 6557, 1088, 6615, 151, 149, 362, 10171, 5007, 5110, 5126, 2084, 2087, 2369, 2086, 5124, 5, 6, 8026, 7565, 148, 8028, 8027, 2778, 2791, 2786, 322, 324, 2949, 327, 329, 331, 1078, 1075, 6796]","[1372637254, 1372637258, 1372637262, 1372637269, 1372637276, 1372637284, 1372637299, 1372637314, 1372637329, 1372637344, 1372637352, 1372637356, 1372637359, 1372637370, 1372637372, 1372637374, 1372637380, 1372637381, 1372637384, 1372637387, 1372637389, 1372637391, 1372637401, 1372637404, 1372637419, 1372637428, 1372637434, 1372637449, 1372637464, 1372637471, 1372637477, 1372637479, 1372637492, 1372637494, 1372637504, 1372637509, 1372637524, 1372637542, 1372637543, 1372637544, 1372637548, 1372637552, 1372637553, 1372637553, 1372637554, 1372637563, 1372637569, 1372637629, 1372637644, 1372637646, 1372637646, 1372637648, 1372637650, 1372637651, 1372637651, 1372637653, 1372637653, 1372637653, 1372637653, 1372637654, 1372637654, 1372637656, 1372637656, 1372637658, 1372637659, 1372637668, 1372637672, 1372637674, 1372637699, 1372637704, 1372637719, 1372637749, 1372637763, 1372637764, 1372637779, 1372637786, 1372637792, 1372637794, 1372637809, 1372637839]",20000657
9,8,"[241, 5497, 243, 7450, 8811, 7738, 7856, 8500, 7855, 7737, 8809, 8812, 245, 7938, 780, 8485, 8655, 837, 8276, 10300, 931, 10314, 6435, 937, 945, 933, 9738, 839, 7813, 843, 7894, 7892, 7890, 847, 952, 949, 948, 7016, 867, 8769, 10242, 7024, 7333, 9241, 10518, 10222, 10219, 10746, 2385, 10749, 898, 10227, 587, 10239, 10229, 1347, 10237, 903, 1339, 1327, 10232, 10235, 1321, 5603, 5585, 5569, 5567, 5562]","[1372637274, 1372637304, 1372637334, 1372637345, 1372637347, 1372637349, 1372637364, 1372637379, 1372637384, 1372637392, 1372637394, 1372637396, 1372637409, 1372637420, 1372637424, 1372637439, 1372637449, 1372637454, 1372637469, 1372637477, 1372637484, 1372637490, 1372637514, 1372637529, 1372637544, 1372637559, 1372637559, 1372637574, 1372637589, 1372637619, 1372637631, 1372637632, 1372637634, 1372637649, 1372637664, 1372637670, 1372637677, 1372637679, 1372637694, 1372637709, 1372637715, 1372637721, 1372637722, 1372637724, 1372637731, 1372637734, 1372637739, 1372637745, 1372637748, 1372637749, 1372637752, 1372637754, 1372637764, 1372637769, 1372637776, 1372637778, 1372637784, 1372637787, 1372637790, 1372637793, 1372637796, 1372637796, 1372637799, 1372637801, 1372637802, 1372637807, 1372637808, 1372637814]",20000403
10,7,"[734, 772, 1684, 7780, 770, 7781, 6773, 6774, 7842, 6454, 834, 833, 6785, 7985, 7987, 47, 40, 42, 60, 10056, 874, 5687, 1714, 821, 3277, 5416, 871, 564, 2606, 10058, 10062, 2457]","[1372637299, 1372637329, 1372637333, 1372637333, 1372637344, 1372637374, 1372637416, 1372637419, 1372637434, 1372637457, 1372637471, 1372637479, 1372637488, 1372637494, 1372637509, 1372637524, 1372637532, 1372637539, 1372637554, 1372637565, 1372637569, 1372637599, 1372637600, 1372637614, 1372637629, 1372637637, 1372637644, 1372637669, 1372637674, 1372637682, 1372637683, 1372637689]",20000011
11,1,"[5382, 10414, 10421, 10416, 1956, 5468, 265, 5430, 5423, 5482, 5428, 5455, 5442, 5457, 5432, 6804, 6810, 6816, 6812, 9138, 9139, 5478, 5458, 5485, 10988, 4109, 10803, 4979, 4113, 2742, 6699, 6687, 4133]","[1372637303, 1372637328, 1372637329, 1372637331, 1372637333, 1372637348, 1372637363, 1372637378, 1372637382, 1372637384, 1372637386, 1372637388, 1372637393, 1372637406, 1372637408, 1372637423, 1372637436, 1372637437, 1372637438, 1372637452, 1372637453, 1372637466, 1372637468, 1372637483, 1372637493, 1372637498, 1372637513, 1372637520, 1372637522, 1372637528, 1372637540, 1372637543, 1372637558]",20000596
12,12,"[52, 54, 57, 5135, 7069, 10404, 746, 10442, 740, 881, 892, 879, 8733, 2365, 1857, 911, 10443, 640, 641, 131, 8287, 2048, 8283, 126, 8, 2041, 6837, 2005, 5291, 2148, 10088, 2156, 6847, 6849, 6253, 6244, 6236, 6235, 6205]","[1372637343, 1372637403, 1372637433, 1372637439, 1372637447, 1372637448, 1372637458, 1372637463, 1372637508, 1372637523, 1372637538, 1372637553, 1372637568, 1372637573, 1372637578, 1372637583, 1372637613, 1372637623, 1372637628, 1372637643, 1372637658, 1372637680, 1372637688, 1372637703, 1372637718, 1372637729, 1372637733, 1372637737, 1372637741, 1372637748, 1372637754, 1372637757, 1372637763, 1372637765, 1372637778, 1372637786, 1372637789, 1372637793, 1372637808]",20000571
13,372,"[8810, 7450, 8809, 8812, 245, 7938, 780, 8485, 8655, 837, 8275, 778, 8300, 8792, 7715, 8784, 946, 31, 92, 7825, 90, 3098, 75, 8236, 5018, 4788, 18, 20, 8193, 8197, 8196]","[1372637369, 1372637381, 1372637393, 1372637399, 1372637414, 1372637425, 1372637429, 1372637436, 1372637444, 1372637459, 1372637466, 1372637467, 1372637474, 1372637478, 1372637485, 1372637489, 1372637534, 1372637568, 1372637594, 1372637624, 1372637639, 1372637654, 1372637657, 1372637669, 1372637699, 1372637714, 1372637729, 1372637744, 1372637754, 1372637755, 1372637759]",20000381
14,80,"[845, 7741, 8502, 7739, 761, 3355, 946, 30, 28, 25, 5654, 1055, 7287, 62, 726, 7019, 7022, 10775, 2379, 730, 719, 5114, 7054, 7056, 7057, 7063, 724, 10706, 5685, 8510, 373, 162, 8512, 11012, 7539, 10154, 4869, 10577, 4870, 2461, 542, 428, 5279, 5273, 430, 7191, 417, 4891, 7117, 1945, 419, 8996, 5402, 7795, 306, 10166, 5397, 304, 267, 262, 10575, 261, 5624, 5623, 8368, 10571, 8370]","[1372637423, 1372637438, 1372637468, 1372637483, 1372637513, 1372637528, 1372637543, 1372637569, 1372637573, 1372637575, 1372637575, 1372637588, 1372637600, 1372637603, 1372637612, 1372637614, 1372637618, 1372637621, 1372637633, 1372637648, 1372637654, 1372637656, 1372637663, 1372637679, 1372637683, 1372637705, 1372637708, 1372637719, 1372637723, 1372637764, 1372637783, 1372637794, 1372637813, 1372637818, 1372637828, 1372637828, 1372637838, 1372637840, 1372637842, 1372637843, 1372637873, 1372637894, 1372637903, 1372637905, 1372637910, 1372637912, 1372637914, 1372637918, 1372637922, 1372637926, 1372637933, 1372637940, 1372637942, 1372637948, 1372637963, 1372637978, 1372637990, 1372637993, 1372638040, 1372638048, 1372638053, 1372638053, 1372638068, 1372638098, 1372638113, 1372638128, 1372638143]",20000341
15,32,"[8236, 5018, 4788, 18, 20, 8193, 8197, 8196, 56, 57, 5135, 7069, 10404, 746, 10442, 740, 881, 892, 879, 8733, 2365, 1857, 911, 10444, 10447, 10446, 645, 635, 646, 8807, 2098, 2111, 2967, 10151, 2972, 1081, 9770, 8883, 8876, 8882, 6452, 8877, 2962, 2879, 10327, 7386, 8392, 7401, 8398, 7420, 7415, 7404, 7382, 7426, 7396, 2942, 2947, 8086]","[1372637453, 1372637483, 1372637498, 1372637513, 1372637517, 1372637524, 1372637525, 1372637528, 1372637558, 1372637618, 1372637624, 1372637632, 1372637633, 1372637643, 1372637648, 1372637657, 1372637663, 1372637678, 1372637693, 1372637703, 1372637705, 1372637708, 1372637723, 1372637735, 1372637738, 1372637745, 1372637753, 1372637760, 1372637763, 1372637764, 1372637765, 1372637768, 1372637771, 1372637772, 1372637778, 1372637783, 1372637789, 1372637796, 1372637798, 1372637798, 1372637800, 1372637801, 1372637807, 1372637813, 1372637828, 1372637837, 1372637838, 1372637840, 1372637842, 1372637843, 1372637851, 1372637857, 1372637858, 1372637866, 1372637872, 1372637873, 1372637880, 1372637888]",20000648
16,18,"[10125, 2333, 10242, 7024, 7333, 9241, 10518, 10222, 10219, 10746, 2385, 10749, 898, 10227, 587, 10239, 10229, 1347, 10237, 903, 1339, 1327, 10232, 10235, 1321, 5603, 5585, 5569, 5567, 5563, 1252, 1228, 5602, 5605, 7264, 5599, 5597, 5570, 5576, 5559, 5568, 1181, 1183, 1200, 1808]","[1372637482, 1372637497, 1372637500, 1372637511, 1372637512, 1372637515, 1372637527, 1372637533, 1372637542, 1372637547, 1372637548, 1372637549, 1372637551, 1372637553, 1372637556, 1372637557, 1372637562, 1372637564, 1372637568, 1372637572, 1372637577, 1372637582, 1372637587, 1372637587, 1372637592, 1372637594, 1372637596, 1372637601, 1372637602, 1372637610, 1372637614, 1372637617, 1372637644, 1372637647, 1372637648, 1372637649, 1372637655, 1372637662, 1372637665, 1372637672, 1372637677, 1372637683, 1372637688, 1372637692, 1372637707]",20000005
17,24,"[4132, 9621, 4288, 2739, 10780, 7934, 10934, 4301, 2737, 2749, 7181, 7185, 7908, 7911, 4786, 9386, 6833, 2067, 8316, 10583, 10588, 10049, 10074, 2729, 260, 10513, 10575, 261, 5624, 5623, 8368, 10571, 8369]","[1372637658, 1372637677, 1372637688, 1372637695, 1372637703, 1372637715, 1372637717, 1372637718, 1372637728, 1372637731, 1372637733, 1372637736, 1372637746, 1372637747, 1372637748, 1372637763, 1372637808, 1372637838, 1372637842, 1372637852, 1372637853, 1372637860, 1372637863, 1372637868, 1372637882, 1372637883, 1372637889, 1372637889, 1372637898, 1372637928, 1372637943, 1372637958, 1372638033]",20000596
18,9,"[10690, 8500, 7855, 7737, 8810, 7451, 241, 5498, 7006, 377, 7008]","[1372637905, 1372637913, 1372637915, 1372637919, 1372637920, 1372637935, 1372637950, 1372637964, 1372637965, 1372638130, 1372638145]",20000320
19,345,"[465, 5614, 469, 176, 473, 10165, 10635, 1429, 10629, 6765, 3807, 3804, 4860, 4858, 4855, 8727, 3784, 9742, 3781, 3746, 3742, 3691, 9529, 9526, 205, 203, 202, 215, 213, 7226, 3562, 8070, 3505, 3567, 3568, 5143, 3575, 3585, 3587, 1051, 218, 221, 224, 233, 234, 3415, 8488, 3419, 237, 492, 1067, 8500, 7855, 7737, 8810, 7451, 241, 5498, 7006, 377, 7008]","[1372637915, 1372637930, 1372637945, 1372637975, 1372637986, 1372637990, 1372637998, 1372637999, 1372638000, 1372638002, 1372638003, 1372638005, 1372638012, 1372638016, 1372638020, 1372638026, 1372638027, 1372638030, 1372638031, 1372638034, 1372638035, 1372638043, 1372638046, 1372638050, 1372638065, 1372638102, 1372638105, 1372638110, 1372638125, 1372638133, 1372638133, 1372638135, 1372638143, 1372638145, 1372638148, 1372638151, 1372638159, 1372638162, 1372638164, 1372638170, 1372638200, 1372638260, 1372638275, 1372638290, 1372638297, 1372638305, 1372638316, 1372638320, 1372638350, 1372638365, 1372638395, 1372638407, 1372638410, 1372638420, 1372638422, 1372638425, 1372638440, 1372638454, 1372638455, 1372638507, 1372638560]",20000344
20,353,"[3099, 3094, 3101, 3109, 3105, 3096, 10711, 7076, 4511, 1049, 881, 892, 879, 8733, 2365, 1857, 911, 10443, 640, 641, 131, 8287, 2048, 8282, 5597, 5570, 5576, 5558, 5565, 10548, 5572, 5586, 9467, 1194, 461, 3082, 6940, 456, 8619, 8620, 6944, 9244, 659, 4842, 7160, 337, 338, 4814, 4815, 6949, 8315, 3084, 8204, 8199, 8232, 8235, 10738, 6935, 6902, 8611, 8616, 8617]","[1372638021, 1372638066, 1372638077, 1372638081, 1372638096, 1372638105, 1372638111, 1372638117, 1372638121, 1372638126, 1372638141, 1372638156, 1372638171, 1372638183, 1372638186, 1372638201, 1372638216, 1372638246, 1372638256, 1372638261, 1372638283, 1372638291, 1372638321, 1372638336, 1372638345, 1372638350, 1372638351, 1372638366, 1372638381, 1372638386, 1372638390, 1372638395, 1372638396, 1372638411, 1372638426, 1372638437, 1372638441, 1372638454, 1372638455, 1372638456, 1372638460, 1372638471, 1372638471, 1372638472, 1372638486, 1372638497, 1372638501, 1372638507, 1372638512, 1372638514, 1372638515, 1372638516, 1372638546, 1372638551, 1372638553, 1372638555, 1372638557, 1372638560, 1372638570, 1372638576, 1372638576, 1372638666]",20000256
21,84,"[7847, 52, 54, 57, 5135, 7069, 10404, 745, 3348, 3345, 5703, 3347, 593, 3136, 5286, 5289, 886, 578, 448, 3171, 451, 3270]","[1372638031, 1372638076, 1372638106, 1372638121, 1372638127, 1372638135, 1372638136, 1372638151, 1372638153, 1372638157, 1372638161, 1372638166, 1372638169, 1372638174, 1372638177, 1372638181, 1372638196, 1372638211, 1372638218, 1372638224, 1372638226, 1372638256]",20000171
22,285,"[193, 196, 9341, 1370, 1378, 1408, 198, 1412, 4365, 1623, 465, 5614, 469, 177, 5616, 10593, 181, 489, 487, 10628, 1431, 10634, 10164, 472, 9750, 1424, 1426]","[1372638035, 1372638050, 1372638065, 1372638080, 1372638095, 1372638125, 1372638144, 1372638155, 1372638167, 1372638177, 1372638185, 1372638195, 1372638200, 1372638236, 1372638245, 1372638255, 1372638258, 1372638260, 1372638268, 1372638275, 1372638283, 1372638290, 1372638303, 1372638305, 1372638309, 1372638320, 1372638335]",20000337
23,14,"[5497, 243, 7450, 8811, 7738, 7856, 8499, 10690, 8500, 7855, 7737, 8809, 8812, 245, 7938, 780, 8485, 8655, 837, 8275, 778, 8300, 8792, 7715, 8784, 946, 31, 92, 7825, 90, 3099, 3094, 3101, 3109, 3105, 3096, 10711, 7076, 4511, 1049, 882, 887, 753]","[1372638151, 1372638181, 1372638192, 1372638194, 1372638196, 1372638211, 1372638215, 1372638226, 1372638243, 1372638248, 1372638256, 1372638259, 1372638261, 1372638271, 1372638282, 1372638286, 1372638301, 1372638316, 1372638331, 1372638345, 1372638347, 1372638361, 1372638365, 1372638372, 1372638376, 1372638391, 1372638406, 1372638421, 1372638436, 1372638451, 1372638461, 1372638468, 1372638477, 1372638481, 1372638483, 1372638491, 1372638496, 1372638502, 1372638506, 1372638511, 1372638526, 1372638534, 1372638541]",20000231
24,255,"[3099, 3095, 75, 8237, 6768, 1062, 28, 25, 5654, 1055, 7287, 62, 726, 7019, 7022, 10775, 2379, 730, 719, 5116, 710, 1167]","[1372638156, 1372638171, 1372638186, 1372638201, 1372638216, 1372638231, 1372638246, 1372638261, 1372638276, 1372638291, 1372638306, 1372638321, 1372638336, 1372638351, 1372638366, 1372638381, 1372638396, 1372638411, 1372638426, 1372638441, 1372638456, 1372638471]",20000451
25,78,"[1061, 92, 7825, 90, 3099, 3094, 3101, 3109, 3105, 3096, 10711, 7076, 4511, 1049, 881, 892, 880, 582, 584]","[1372638158, 1372638188, 1372638218, 1372638263, 1372638278, 1372638284, 1372638293, 1372638316, 1372638323, 1372638332, 1372638338, 1372638348, 1372638353, 1372638368, 1372638383, 1372638398, 1372638413, 1372638473, 1372638518]",20000620
26,194397,"[5497, 243, 7450, 8811, 7738, 7856, 8499, 10690, 8500, 7855, 7737, 8809, 8812, 245, 7938, 780, 8485, 8655, 837, 8275, 778, 8300, 8792, 7715, 8784, 946, 31, 92, 7825, 90, 3099, 3094, 3101, 3109, 3105, 3096, 10711, 7076, 4511, 1049, 882, 887, 753]","[1372638160, 1372638182, 1372638188, 1372638189, 1372638190, 1372638220, 1372638224, 1372638235, 1372638258, 1372638265, 1372638272, 1372638273, 1372638274, 1372638280, 1372638291, 1372638295, 1372638310, 1372638320, 1372638325, 1372638351, 1372638355, 1372638365, 1372638366, 1372638370, 1372638385, 1372638400, 1372638415, 1372638445, 1372638460, 1372638475, 1372638484, 1372638490, 1372638498, 1372638501, 1372638502, 1372638505, 1372638507, 1372638515, 1372638520, 1372638530, 1372638535, 1372638543, 1372638550]",20000456
27,20,"[3099, 3094, 3101, 3110, 5132, 3092, 10080, 8277, 7292, 120, 748, 5128, 3104, 3107, 5131, 5135, 7070, 7071, 7066, 7073, 7086, 7846, 822, 821, 3277, 5416, 869, 2612, 920, 8005, 3123, 913, 10064, 3229, 10067, 10065, 3147, 3169]","[1372638161, 1372638191, 1372638202, 1372638206, 1372638212, 1372638216, 1372638218, 1372638221, 1372638221, 1372638224, 1372638229, 1372638230, 1372638236, 1372638236, 1372638251, 1372638256, 1372638266, 1372638275, 1372638279, 1372638281, 1372638295, 1372638296, 1372638311, 1372638326, 1372638331, 1372638333, 1372638335, 1372638337, 1372638339, 1372638340, 1372638340, 1372638341, 1372638348, 1372638355, 1372638356, 1372638361, 1372638362, 1372638371]",20000423
28,42,"[162, 8512, 11012, 7539, 10154, 4869, 10577, 4870, 2461, 542, 428, 5279, 5273, 430, 7191, 417, 4891, 7117, 1945, 419, 8996, 5402, 7795, 307, 8955, 8766, 8957, 309, 7902, 7903, 2695, 9406, 2697, 8522, 4558, 10207, 4565, 4562, 4885, 7189]","[1372638361, 1372638376, 1372638391, 1372638406, 1372638406, 1372638412, 1372638413, 1372638414, 1372638415, 1372638421, 1372638492, 1372638523, 1372638541, 1372638550, 1372638552, 1372638556, 1372638561, 1372638564, 1372638566, 1372638571, 1372638582, 1372638586, 1372638601, 1372638616, 1372638625, 1372638626, 1372638627, 1372638629, 1372638631, 1372638632, 1372638639, 1372638646, 1372638683, 1372638691, 1372638706, 1372638721, 1372638736, 1372638745, 1372638751, 1372638766]",20000154
29,107,"[6861, 6434, 2227, 2223, 6259, 11091, 5153, 4837, 6302, 6387, 6425, 6431, 8596, 6863, 6862, 6871, 6878, 6898, 6908, 6917, 6924, 10547, 6923, 6918, 6916, 6919, 6921, 6915, 6913, 6909, 9082, 2342, 2345, 1208, 1191, 6901, 1186, 4823, 3089, 3087, 3083, 459, 1193, 9466, 5588, 5573, 10549, 10551, 5561, 826, 9243, 5600, 5594, 5607, 5584, 5595, 7263, 5574, 5579, 5593, 10521, 5581, 9423, 10234, 10233, 1328, 1338, 902, 10238, 1348, 10230, 10240, 588, 10228, 899, 10748, 10747, 10221, 10223, 10519, 9242, 8507, 10125, 2332, 7020, 768, 9100, 7900, 8486, 8505, 7901, 764, 4770, 862, 845, 7741, 8502, 7739, 761, 3355, 946, 30, 28, 25, 5653, 7839, 5650, 5656, 5648, 6777, 6773, 6774, 7842, 6455, 735]","[1372638504, 1372638505, 1372638510, 1372638511, 1372638512, 1372638512, 1372638513, 1372638513, 1372638514, 1372638518, 1372638519, 1372638520, 1372638521, 1372638522, 1372638522, 1372638523, 1372638523, 1372638532, 1372638533, 1372638533, 1372638534, 1372638549, 1372638594, 1372638609, 1372638612, 1372638613, 1372638615, 1372638620, 1372638624, 1372638629, 1372638634, 1372638639, 1372638654, 1372638669, 1372638681, 1372638684, 1372638685, 1372638687, 1372638692, 1372638694, 1372638699, 1372638714, 1372638723, 1372638729, 1372638730, 1372638739, 1372638744, 1372638770, 1372638774, 1372638777, 1372638782, 1372638789, 1372638794, 1372638801, 1372638804, 1372638810, 1372638811, 1372638819, 1372638822, 1372638823, 1372638824, 1372638827, 1372638827, 1372638830, 1372638830, 1372638834, 1372638842, 1372638849, 1372638864, 1372638876, 1372638879, 1372638891, 1372638894, 1372638900, 1372638904, 1372638909, 1372638939, 1372638954, 1372638969, 1372638984, 1372638992, 1372638994, 1372638999, 1372639001, 1372639005, 1372639014, 1372639059, 1372639074, 1372639101, 1372639111, 1372639134, 1372639164, 1372639167, 1372639169, 1372639179, 1372639224, 1372639254, 1372639299, 1372639329, 1372639344, 1372639359, 1372639368, 1372639369, 1372639373, 1372639373, 1372639374, 1372639386, 1372639389, 1372639400, 1372639404, 1372639419, 1372639420, 1372639424, 1372639434, 1372639449]",20000600
30,13,"[3103, 5132, 3092, 10080, 8278, 8248, 5133, 111, 114, 4509, 1976, 3090, 569, 7945, 586, 1305, 10403, 1862, 443, 446, 448, 3171, 450, 1968, 3200, 3156, 3205, 3207, 3304, 3301, 3212, 454, 9604, 1966, 1963, 3340, 1906, 7126, 5369, 9239, 1753, 1754, 1764, 5359, 1943, 7729]","[1372638595, 1372638610, 1372638625, 1372638633, 1372638652, 1372638655, 1372638665, 1372638670, 1372638685, 1372638700, 1372638715, 1372638745, 1372638751, 1372638760, 1372638769, 1372638769, 1372638770, 1372638775, 1372638790, 1372638805, 1372638850, 1372638861, 1372638865, 1372638872, 1372638876, 1372638880, 1372638888, 1372638895, 1372638902, 1372638904, 1372638907, 1372638910, 1372638920, 1372638925, 1372638940, 1372638955, 1372638967, 1372638970, 1372638985, 1372638998, 1372639000, 1372639008, 1372639013, 1372639015, 1372639023, 1372639030]",20000233
31,66,"[3233, 1966, 1963, 3339, 1965, 1941, 428, 5279, 5272, 3310, 5273, 431, 9893, 540, 541, 544, 8297, 5261, 547, 3144, 3162, 575, 10600, 3194, 3195, 3295, 10598, 3175, 1970, 8355, 8352, 576, 581, 8751, 582, 584, 7944, 7942, 568, 570, 572, 4594, 10243, 895, 4590, 993, 125, 124, 7336, 106, 592, 590, 10125, 2332, 7021, 867, 8770, 7015]","[1372638641, 1372638656, 1372638671, 1372638684, 1372638698, 1372638708, 1372638716, 1372638731, 1372638761, 1372638843, 1372638926, 1372638956, 1372638971, 1372638986, 1372639001, 1372639091, 1372639106, 1372639121, 1372639127, 1372639136, 1372639143, 1372639151, 1372639161, 1372639162, 1372639166, 1372639196, 1372639203, 1372639204, 1372639206, 1372639207, 1372639211, 1372639214, 1372639226, 1372639241, 1372639256, 1372639267, 1372639269, 1372639269, 1372639271, 1372639286, 1372639292, 1372639294, 1372639301, 1372639316, 1372639322, 1372639331, 1372639346, 1372639391, 1372639400, 1372639403, 1372639406, 1372639420, 1372639432, 1372639436, 1372639447, 1372639449, 1372639451, 1372639466]",20000520
32,19,"[9645, 7653, 2330, 7789, 5669, 5672]","[1372639181, 1372639196, 1372639211, 1372639226, 1372639256, 1372639301]",20000089
33,81,"[373, 162, 8512, 11012, 7539, 10154, 4869, 10577, 4870, 2461, 542, 429, 5277, 7816, 536, 7197, 5370, 9888, 8675, 5744, 5233, 2374, 555, 7315, 7312, 7314, 554]","[1372639364, 1372639409, 1372639424, 1372639439, 1372639448, 1372639448, 1372639452, 1372639453, 1372639454, 1372639455, 1372639469, 1372639514, 1372639589, 1372639599, 1372639604, 1372639646, 1372639664, 1372639671, 1372639673, 1372639679, 1372639709, 1372639739, 1372639752, 1372639754, 1372639769, 1372639784, 1372639799]",20000015
34,85,"[47, 40, 42, 60, 10056, 872, 5698, 875, 52, 54, 57, 5135, 7070, 7071, 7066, 7073, 7086, 7846, 822, 821, 3277, 5416, 871, 564, 2606, 10058, 10062, 2457, 3119, 546, 1963, 3340, 1906, 7127, 1905, 8665, 560, 565, 5233, 2374, 555, 7314, 552, 5732, 6500, 551, 6507, 6662, 6524, 9885, 6528, 6531, 6545, 6549, 6551, 6557, 1088, 6615]","[1372639380, 1372639425, 1372639440, 1372639455, 1372639470, 1372639500, 1372639510, 1372639514, 1372639515, 1372639545, 1372639564, 1372639605, 1372639620, 1372639635, 1372639644, 1372639650, 1372639680, 1372639695, 1372639702, 1372639710, 1372639740, 1372639748, 1372639755, 1372639768, 1372639770, 1372639776, 1372639776, 1372639781, 1372639785, 1372639800, 1372639815, 1372639822, 1372639830, 1372639842, 1372639853, 1372639875, 1372639905, 1372639912, 1372639920, 1372639935, 1372639948, 1372639950, 1372639960, 1372639962, 1372639965, 1372639965, 1372639980, 1372639983, 1372639984, 1372639987, 1372639987, 1372639990, 1372639992, 1372639993, 1372639994, 1372639995, 1372640070, 1372640115]",20000201
35,53,"[222, 220, 9443, 1160, 3480, 3491, 3485, 3476, 3441, 8271, 9723, 9719, 9727, 3462, 3458, 7884, 3459, 3463, 9726, 3451, 3453, 806, 805, 3443, 802, 800, 9031, 9033, 10105, 5393, 137, 5113, 10169, 5117, 132, 630, 8289, 641, 131, 8287, 2048, 8283, 126, 8, 2040, 2007, 2003]","[1372639521, 1372639525, 1372639527, 1372639528, 1372639529, 1372639529, 1372639529, 1372639530, 1372639531, 1372639533, 1372639533, 1372639534, 1372639534, 1372639535, 1372639535, 1372639536, 1372639538, 1372639538, 1372639539, 1372639542, 1372639544, 1372639545, 1372639546, 1372639549, 1372639550, 1372639550, 1372639551, 1372639566, 1372639596, 1372639611, 1372639641, 1372639671, 1372639691, 1372639701, 1372639716, 1372639738, 1372639746, 1372639761, 1372639776, 1372639791, 1372639806, 1372639815, 1372639821, 1372639836, 1372639851, 1372639866, 1372639881]",20000403
36,34,"[21, 5018, 4788, 18, 20, 8193, 8197, 8196, 56, 57, 5135, 7069, 10404, 744, 3341, 3345, 5703, 3347, 593, 3136, 5286, 5289, 886, 578, 448, 3171, 450, 1967]","[1372639558, 1372639582, 1372639588, 1372639597, 1372639603, 1372639613, 1372639614, 1372639618, 1372639648, 1372639663, 1372639670, 1372639678, 1372639680, 1372639690, 1372639693, 1372639695, 1372639701, 1372639708, 1372639711, 1372639716, 1372639719, 1372639723, 1372639738, 1372639753, 1372639768, 1372639779, 1372639783, 1372639798]",20000005
37,28,"[52, 54, 57, 5135, 7069, 10404, 745, 3348, 3345, 5703, 3347, 593, 3136, 5286, 5289, 886, 578, 449, 8251, 619, 10765, 3245, 3252, 10087, 3262, 3259]","[1372639635, 1372639649, 1372639650, 1372639665, 1372639671, 1372639673, 1372639680, 1372639683, 1372639689, 1372639695, 1372639700, 1372639704, 1372639710, 1372639716, 1372639725, 1372639740, 1372639755, 1372639770, 1372639800, 1372639807, 1372639815, 1372639822, 1372639825, 1372639826, 1372639830, 1372639845]",20000178
38,30,"[449, 8249, 8080, 2365, 1858, 1859, 1869, 1851, 1875, 1867, 1876, 1180, 1310, 2284, 1179, 1264, 8760, 1265, 1178, 10455, 5827, 9419, 1177, 3003, 1174]","[1372639871, 1372639916, 1372639924, 1372639931, 1372639961, 1372639965, 1372639973, 1372639976, 1372639983, 1372639986, 1372639991, 1372640002, 1372640021, 1372640030, 1372640030, 1372640036, 1372640049, 1372640051, 1372640063, 1372640066, 1372640076, 1372640080, 1372640081, 1372640081, 1372640096]",20000653
39,23,"[7945, 586, 1306, 1180, 1310, 2284, 1179, 1264, 8760, 1265, 1178, 10455, 5827, 9419, 1177, 3003, 1175, 1701, 7269, 1109, 1222, 10550, 5564, 5568, 1181, 1183, 1199, 5549, 1768, 6857, 8588, 8592, 6408, 8582]","[1372639960, 1372640017, 1372640020, 1372640035, 1372640041, 1372640050, 1372640051, 1372640056, 1372640059, 1372640059, 1372640064, 1372640065, 1372640075, 1372640079, 1372640080, 1372640080, 1372640095, 1372640104, 1372640110, 1372640125, 1372640134, 1372640139, 1372640140, 1372640143, 1372640150, 1372640155, 1372640160, 1372640170, 1372640179, 1372640180, 1372640184, 1372640185, 1372640209, 1372640215]",20000309
40,36,"[6677, 8456, 6675, 9587, 6673, 1132, 1130, 1126, 1143, 7615, 8427, 2800, 9660, 1909, 1931, 9154, 1917, 5267, 8161, 8165, 3222, 9107, 3224, 3220, 3227, 453, 549, 454, 9604, 1966]","[1372640130, 1372640160, 1372640178, 1372640190, 1372640194, 1372640200, 1372640205, 1372640220, 1372640228, 1372640229, 1372640235, 1372640262, 1372640263, 1372640265, 1372640276, 1372640280, 1372640295, 1372640303, 1372640310, 1372640314, 1372640325, 1372640339, 1372640340, 1372640343, 1372640350, 1372640355, 1372640379, 1372640403, 1372640430, 1372640445]",20000010
41,40,"[193, 195, 5408, 5376, 5454, 5443, 9225, 5448, 7432, 9141, 9136, 6814, 5470, 5466, 3961, 5480, 5533, 5476, 5459, 5472, 6801, 5437, 9916, 11062, 5462, 5479, 5425, 6797, 9061, 183, 185, 10423, 5440, 7260, 5451]","[1372640356, 1372640370, 1372640383, 1372640386, 1372640416, 1372640461, 1372640484, 1372640486, 1372640491, 1372640514, 1372640515, 1372640518, 1372640520, 1372640521, 1372640538, 1372640544, 1372640551, 1372640556, 1372640564, 1372640566, 1372640576, 1372640576, 1372640577, 1372640578, 1372640580, 1372640581, 1372640587, 1372640596, 1372640611, 1372640626, 1372640641, 1372640656, 1372640686, 1372640716, 1372640731]",20000657
42,27,"[5381, 7260, 5451, 187, 10410, 10408, 8057, 5383, 5388, 5387, 1733, 538, 3312, 540, 541, 544, 8297, 5261, 547, 3144, 3162, 575, 10600, 3194, 3195, 3295, 10598, 3175, 1970, 8355, 8352, 576, 580, 10451, 741, 3127, 738, 5250, 73, 10708, 3112, 3106, 3108, 3100, 3095, 75, 8236]","[1372640499, 1372640514, 1372640522, 1372640529, 1372640543, 1372640543, 1372640544, 1372640559, 1372640572, 1372640574, 1372640589, 1372640619, 1372640634, 1372640637, 1372640649, 1372640664, 1372640679, 1372640691, 1372640694, 1372640699, 1372640709, 1372640719, 1372640722, 1372640723, 1372640724, 1372640731, 1372640738, 1372640739, 1372640741, 1372640743, 1372640750, 1372640754, 1372640769, 1372640784, 1372640799, 1372640812, 1372640814, 1372640822, 1372640824, 1372640829, 1372640829, 1372640837, 1372640839, 1372640844, 1372640854, 1372640859, 1372640874]",20000596
43,91,"[823, 1715, 1714, 821, 3277, 5416, 869, 2612, 920, 8005, 3123, 914, 3229, 10067, 10065, 3147, 3169, 917, 3273, 549, 454, 9604, 1966]","[1372640550, 1372640565, 1372640610, 1372640640, 1372640656, 1372640664, 1372640670, 1372640685, 1372640697, 1372640700, 1372640704, 1372640708, 1372640711, 1372640711, 1372640714, 1372640715, 1372640719, 1372640721, 1372640730, 1372640745, 1372640752, 1372640760, 1372640775]",20000233
44,29,"[6768, 1062, 28, 25, 5654, 1054, 69, 64]","[1372640555, 1372640558, 1372640585, 1372640610, 1372640615, 1372640626, 1372640630, 1372640660]",20000235
45,70,"[409, 410, 11088, 411, 403, 5989, 6003, 6075, 4970, 8713, 11073, 385, 6133, 8071, 354, 361, 355, 357, 359, 4765, 8707, 4934, 4927, 8700, 4942, 4768, 4764, 8695]","[1372641048, 1372641056, 1372641057, 1372641061, 1372641063, 1372641120, 1372641123, 1372641153, 1372641167, 1372641168, 1372641195, 1372641198, 1372641207, 1372641213, 1372641228, 1372641257, 1372641258, 1372641265, 1372641268, 1372641273, 1372641286, 1372641287, 1372641288, 1372641291, 1372641292, 1372641303, 1372641333, 1372641378]",20000560
46,67,"[7646, 703, 11065, 704, 2494, 685, 7643, 7645, 7237, 7239, 7240, 9614, 494, 8528, 11085, 501, 502, 504, 11084, 6751, 498, 497, 509, 507, 10105, 5393, 137, 5113, 10169, 5117, 133, 2115, 627, 651, 653, 629, 630, 8289, 641, 131, 8287, 2048, 8283, 126, 8, 2041, 6837, 2005, 5291, 2148, 10088, 2156, 6847, 6849, 6253, 6244, 6236, 6234, 6155, 4964, 6108, 4952, 4916, 8709, 8703, 4949, 8689, 4944, 10322, 4954]","[1372641088, 1372641116, 1372641118, 1372641123, 1372641128, 1372641133, 1372641146, 1372641146, 1372641148, 1372641151, 1372641155, 1372641163, 1372641172, 1372641174, 1372641177, 1372641177, 1372641178, 1372641179, 1372641183, 1372641185, 1372641189, 1372641193, 1372641214, 1372641220, 1372641223, 1372641253, 1372641283, 1372641313, 1372641328, 1372641340, 1372641343, 1372641347, 1372641355, 1372641356, 1372641357, 1372641358, 1372641373, 1372641388, 1372641396, 1372641403, 1372641418, 1372641440, 1372641448, 1372641454, 1372641463, 1372641478, 1372641489, 1372641493, 1372641496, 1372641500, 1372641508, 1372641513, 1372641523, 1372641525, 1372641538, 1372641546, 1372641549, 1372641553, 1372641561, 1372641568, 1372641570, 1372641583, 1372641610, 1372641613, 1372641628, 1372641643, 1372641658, 1372641671, 1372641673, 1372641688]",20000574
47,166,"[778, 8300, 8792, 7715, 8784, 947, 1059, 3360, 7930, 5503, 759, 762, 766, 8504, 7898, 864, 9102, 866, 7016, 867, 8771, 990, 980, 2158, 2166, 2159, 4683, 4688, 4694, 1986, 1983, 8668, 5661, 5660]","[1372641149, 1372641179, 1372641183, 1372641190, 1372641194, 1372641214, 1372641218, 1372641224, 1372641239, 1372641254, 1372641258, 1372641269, 1372641284, 1372641293, 1372641294, 1372641300, 1372641314, 1372641317, 1372641325, 1372641328, 1372641329, 1372641351, 1372641358, 1372641359, 1372641361, 1372641362, 1372641374, 1372641380, 1372641389, 1372641397, 1372641401, 1372641403, 1372641404, 1372641434]",20000235
48,108,"[1848, 2303, 9686, 1895, 2011, 1698, 2264, 2274, 2276, 9692, 1893, 8021, 8023, 608, 654, 655, 607, 605, 601, 598, 8403, 10969, 2939, 2944, 2786, 321, 367, 2775, 7468, 2777, 7467, 2773, 368, 322, 324]","[1372641278, 1372641298, 1372641303, 1372641305, 1372641308, 1372641323, 1372641334, 1372641335, 1372641338, 1372641354, 1372641368, 1372641398, 1372641428, 1372641436, 1372641437, 1372641442, 1372641443, 1372641451, 1372641458, 1372641473, 1372641480, 1372641484, 1372641486, 1372641488, 1372641494, 1372641503, 1372641510, 1372641530, 1372641548, 1372641556, 1372641563, 1372641640, 1372641728, 1372641729, 1372641743]",20000009
49,164,"[8810, 7450, 8809, 8812, 245, 7938, 780, 8485, 8655, 837, 8275, 778, 8300, 8792, 7715, 8784, 947, 1059, 3360, 7931, 7713, 77, 7716, 8246, 8248, 5133, 111, 114, 4509, 1976, 3090, 569, 7945, 586, 1306, 1180, 1310, 2284, 1179, 1264, 8760, 1265, 1178, 10455, 5827, 9419, 1177, 3003, 1175, 1701, 7269, 1110, 1238, 1108]","[1372641284, 1372641299, 1372641302, 1372641304, 1372641314, 1372641325, 1372641329, 1372641344, 1372641354, 1372641359, 1372641372, 1372641374, 1372641384, 1372641385, 1372641389, 1372641404, 1372641416, 1372641419, 1372641427, 1372641434, 1372641443, 1372641449, 1372641464, 1372641474, 1372641476, 1372641479, 1372641494, 1372641509, 1372641524, 1372641539, 1372641552, 1372641554, 1372641569, 1372641598, 1372641599, 1372641623, 1372641629, 1372641636, 1372641636, 1372641641, 1372641644, 1372641644, 1372641656, 1372641659, 1372641669, 1372641673, 1372641674, 1372641674, 1372641689, 1372641698, 1372641704, 1372641707, 1372641719, 1372641779]",20000648
50,69,"[7008, 6617, 380, 381, 5833, 5831, 1042, 1044, 7980, 7978, 5522, 416, 5523, 7979, 8669, 1045, 5828, 5830, 1039, 1041, 1046, 7997, 7988, 7994, 5837, 5843, 10334, 5853, 5857, 5865, 5867, 5873, 5888, 5900, 5904, 8998, 5890, 9002, 9003, 9006, 9004, 9001, 5891, 5958, 4951, 5962, 9008, 5928, 5924, 5921]","[1372641297, 1372641416, 1372641417, 1372641472, 1372641476, 1372641477, 1372641503, 1372641504, 1372641505, 1372641507, 1372641522, 1372641620, 1372641717, 1372641719, 1372641719, 1372641719, 1372641719, 1372641719, 1372641719, 1372641719, 1372641720, 1372641720, 1372641722, 1372641722, 1372641723, 1372641724, 1372641724, 1372641725, 1372641725, 1372641726, 1372641726, 1372641726, 1372641727, 1372641728, 1372641729, 1372641731, 1372641732, 1372641732, 1372641732, 1372641736, 1372641739, 1372641740, 1372641740, 1372641749, 1372641750, 1372641751, 1372641758, 1372641760, 1372641760, 1372641762]",20000320
51,49,"[8236, 5018, 4788, 18, 20, 8193, 8197, 8196, 56, 57, 5135, 7069, 10404, 745, 3348, 3345, 5703, 3347, 593, 3136, 5286, 5289, 886, 578, 449, 8251, 619, 10765, 3244, 617, 3251, 3255, 2366, 5276, 615, 610, 623, 8023, 608, 654, 655, 607, 605, 600, 2885, 10978, 10975, 8002]","[1372641328, 1372641343, 1372641358, 1372641373, 1372641388, 1372641398, 1372641399, 1372641403, 1372641418, 1372641433, 1372641463, 1372641476, 1372641478, 1372641489, 1372641490, 1372641493, 1372641500, 1372641508, 1372641511, 1372641516, 1372641519, 1372641523, 1372641538, 1372641546, 1372641553, 1372641583, 1372641590, 1372641598, 1372641604, 1372641606, 1372641607, 1372641608, 1372641613, 1372641614, 1372641628, 1372641635, 1372641643, 1372641649, 1372641658, 1372641661, 1372641670, 1372641673, 1372641681, 1372641688, 1372641694, 1372641702, 1372641703, 1372641718]",20000005
52,113,"[3147, 3169, 916, 3165, 918, 3162, 575, 10600, 3194, 3195, 3295, 10598, 3175, 1970, 8355, 8352, 576, 580, 10451, 741, 3127, 739, 3128]","[1372641453, 1372641468, 1372641473, 1372641481, 1372641483, 1372641513, 1372641523, 1372641526, 1372641527, 1372641528, 1372641534, 1372641540, 1372641541, 1372641542, 1372641543, 1372641558, 1372641573, 1372641590, 1372641603, 1372641618, 1372641631, 1372641633, 1372641648]",20000010
53,56,"[37, 8517, 837, 8275, 778, 8300, 8792, 7715, 8784, 946, 30, 29, 7836, 31, 92, 7825, 90, 3099, 3094, 3101, 3109, 3105, 3096, 10711, 7076, 4511, 1049, 882, 887, 753, 890, 755, 1976, 3090, 568, 570, 572, 4594, 10244, 2020, 1349, 900, 904, 8281, 432, 5578, 10232, 10235, 1321, 5603, 5585, 5569, 5567, 5563, 1251, 1786, 10291, 1793, 2049, 2043, 2045, 2039, 2073, 2335]","[1372641690, 1372641693, 1372641696, 1372641699, 1372641699, 1372641702, 1372641702, 1372641703, 1372641704, 1372641712, 1372641719, 1372641720, 1372641735, 1372641765, 1372641780, 1372641828, 1372641840, 1372641849, 1372641855, 1372641862, 1372641865, 1372641865, 1372641868, 1372641870, 1372641876, 1372641880, 1372641885, 1372641900, 1372641908, 1372641915, 1372641922, 1372641930, 1372641960, 1372641973, 1372641975, 1372641982, 1372641990, 1372641994, 1372642005, 1372642015, 1372642020, 1372642028, 1372642035, 1372642041, 1372642044, 1372642050, 1372642076, 1372642080, 1372642085, 1372642087, 1372642089, 1372642094, 1372642095, 1372642110, 1372642140, 1372642153, 1372642155, 1372642170, 1372642185, 1372642188, 1372642200, 1372642215, 1372642225, 1372642230]",20000372
54,50,"[193, 196, 9341, 1370, 1378, 1408, 198, 1412, 4365, 1623, 465, 5614, 469, 176, 473, 10165, 10635, 1429, 10629, 6765, 3807, 3804, 4860, 4858, 4855, 8727, 3784, 9742, 3781, 3746, 3742, 3691, 9529, 9526, 205, 203, 202, 215, 212, 208, 5617]","[1372641742, 1372641772, 1372641779, 1372641787, 1372641802, 1372641832, 1372641862, 1372641870, 1372641874, 1372641877, 1372641880, 1372641888, 1372641892, 1372641918, 1372641922, 1372641924, 1372641935, 1372641937, 1372641939, 1372641941, 1372641943, 1372641946, 1372641952, 1372641955, 1372641958, 1372641966, 1372641967, 1372641972, 1372641973, 1372641977, 1372641979, 1372641982, 1372641989, 1372641997, 1372642012, 1372642042, 1372642049, 1372642057, 1372642060, 1372642061, 1372642072]",20000657
55,72,"[9604, 1966, 1964, 543, 8297, 5261, 547, 3144, 3162, 575, 10600, 3193, 3197, 3192, 3187]","[1372641858, 1372641873, 1372641933, 1372641948, 1372641978, 1372641993, 1372641996, 1372642000, 1372642008, 1372642038, 1372642052, 1372642053, 1372642054, 1372642062, 1372642068]",20000154
56,103,"[6968, 6966, 6967, 1568, 1566, 7062, 7068, 1552, 7922, 1463, 2514, 2517, 1535, 6983, 1525, 8745, 6991, 9644, 188, 10280, 5472, 6801, 5437, 9916, 11062, 5462, 5479, 5425, 6797, 9061, 183, 185, 10423, 5440, 7260, 5450, 2452, 2428, 5240, 2429, 186, 5377]","[1372641886, 1372641893, 1372641901, 1372641906, 1372641907, 1372641907, 1372641908, 1372641913, 1372641916, 1372641922, 1372641931, 1372641933, 1372641937, 1372641938, 1372641942, 1372641946, 1372641952, 1372641953, 1372641961, 1372641976, 1372641991, 1372642006, 1372642007, 1372642008, 1372642009, 1372642011, 1372642012, 1372642016, 1372642021, 1372642036, 1372642051, 1372642085, 1372642096, 1372642111, 1372642121, 1372642126, 1372642141, 1372642156, 1372642160, 1372642164, 1372642170, 1372642171]",20000089
57,48,"[8510, 372, 5107, 1723, 1713, 3283, 3281, 1711, 7082, 1168, 3278, 3286, 3288, 872, 5698, 875, 52, 54, 58, 24, 10082, 5130, 3103]","[1372641991, 1372642006, 1372642021, 1372642037, 1372642041, 1372642045, 1372642045, 1372642049, 1372642051, 1372642054, 1372642057, 1372642064, 1372642066, 1372642069, 1372642077, 1372642080, 1372642081, 1372642111, 1372642118, 1372642134, 1372642141, 1372642143, 1372642156]",20000231
58,106,"[10405, 50, 56, 58, 23, 21, 5017, 32, 6768, 1062, 28, 25, 5653, 7839, 5651, 7840, 5654, 1055, 7287, 62, 726, 7019, 7022, 10775, 2379, 730, 719, 5116, 709, 714, 716, 7036, 5693, 8497, 5691, 1735, 10479, 3454, 3452, 1485, 1487, 3447, 1494, 706, 3493, 7236, 7646, 703, 11065, 704, 2493, 688, 689, 2445, 2483, 2481]","[1372642204, 1372642264, 1372642294, 1372642316, 1372642339, 1372642354, 1372642414, 1372642437, 1372642451, 1372642453, 1372642475, 1372642486, 1372642487, 1372642489, 1372642504, 1372642505, 1372642506, 1372642519, 1372642531, 1372642534, 1372642542, 1372642543, 1372642546, 1372642547, 1372642549, 1372642564, 1372642579, 1372642584, 1372642594, 1372642601, 1372642609, 1372642614, 1372642619, 1372642621, 1372642623, 1372642624, 1372642630, 1372642639, 1372642654, 1372642661, 1372642669, 1372642680, 1372642684, 1372642690, 1372642699, 1372642712, 1372642714, 1372642726, 1372642727, 1372642729, 1372642731, 1372642735, 1372642744, 1372642767, 1372642774, 1372642819]",20000596
59,156,"[10080, 8278, 8248, 5133, 111, 114, 4509, 1976, 3090, 569, 7945, 586, 1305, 10403, 1862, 443, 446, 448, 3171, 450, 1968, 3200, 3156, 3205, 3207, 3304, 3301, 3212, 454, 9604, 1966, 1965, 1941, 428, 5279, 5273, 430, 7191, 417, 4891, 7117, 1945, 420, 426, 422, 5396, 424, 1950, 5380, 5382]","[1372642291, 1372642300, 1372642302, 1372642306, 1372642308, 1372642321, 1372642336, 1372642351, 1372642364, 1372642366, 1372642381, 1372642419, 1372642421, 1372642426, 1372642432, 1372642441, 1372642449, 1372642456, 1372642460, 1372642461, 1372642467, 1372642471, 1372642475, 1372642479, 1372642483, 1372642486, 1372642494, 1372642501, 1372642504, 1372642516, 1372642519, 1372642526, 1372642531, 1372642535, 1372642537, 1372642539, 1372642544, 1372642546, 1372642549, 1372642555, 1372642558, 1372642561, 1372642565, 1372642572, 1372642573, 1372642573, 1372642576, 1372642591, 1372642593, 1372642606]",20000231
60,120,"[18, 20, 8193, 8197, 8196, 56, 58, 24, 10083]","[1372642351, 1372642362, 1372642381, 1372642384, 1372642396, 1372642411, 1372642441, 1372642456, 1372642471]",20000005
61,58,"[373, 162, 8511, 561, 5284, 10070, 8005, 3123, 914, 3229, 10067, 10065, 3147, 3169, 917, 3273, 549, 452, 3227, 454, 9604]","[1372642706, 1372642721, 1372642736, 1372642756, 1372642766, 1372642769, 1372642771, 1372642775, 1372642778, 1372642781, 1372642782, 1372642785, 1372642786, 1372642793, 1372642796, 1372642811, 1372642816, 1372642826, 1372642856, 1372642886, 1372642901]",20000653
62,98,"[9040, 10185, 4237, 9630, 282, 279, 284, 274, 294, 300, 2634, 2645, 8357, 5672, 2642, 10573, 10745, 10574, 9705, 7664, 9698]","[1372642990, 1372643000, 1372643002, 1372643008, 1372643012, 1372643016, 1372643020, 1372643035, 1372643043, 1372643050, 1372643059, 1372643065, 1372643074, 1372643080, 1372643090, 1372643092, 1372643093, 1372643094, 1372643095, 1372643103, 1372643110]",20000503
63,92,"[5273, 430, 7191, 417, 4891, 7117, 1945, 420, 426, 422, 5396, 424, 1951, 10412, 10420, 10421, 10416, 1956, 5468, 265, 5430, 5423, 5482, 5428, 5455, 5442, 5456, 5460, 5025, 9753, 9755, 6993, 6989, 1590, 8748, 6986, 1524, 1553, 1557, 1665, 5095, 1550, 1667, 7106]","[1372643195, 1372643213, 1372643218, 1372643227, 1372643240, 1372643242, 1372643244, 1372643248, 1372643254, 1372643255, 1372643258, 1372643270, 1372643285, 1372643297, 1372643298, 1372643299, 1372643299, 1372643300, 1372643313, 1372643330, 1372643342, 1372643345, 1372643347, 1372643350, 1372643353, 1372643360, 1372643374, 1372643375, 1372643390, 1372643397, 1372643398, 1372643404, 1372643405, 1372643411, 1372643412, 1372643419, 1372643420, 1372643429, 1372643430, 1372643435, 1372643440, 1372643445, 1372643450, 1372643465]",20000372
64,123,"[8510, 373, 162, 8512, 11012, 7539, 10154, 4869, 10577, 4870, 2461, 542, 429, 5277, 7816, 536, 7197, 5370, 9888, 8675, 5744, 5233, 2374, 555, 7314, 552, 5732, 6501, 6497, 6492, 4652, 6494, 7303, 4650, 4850, 5489, 6478, 6472, 10636, 7306, 2662, 5366, 5363, 8124, 7311, 1014, 1015, 7671, 7324, 7676, 2647, 7675, 7669, 9702]","[1372643415, 1372643428, 1372643434, 1372643445, 1372643450, 1372643460, 1372643460, 1372643470, 1372643472, 1372643474, 1372643475, 1372643505, 1372643520, 1372643544, 1372643555, 1372643560, 1372643563, 1372643565, 1372643572, 1372643574, 1372643580, 1372643595, 1372643610, 1372643623, 1372643625, 1372643638, 1372643640, 1372643685, 1372643715, 1372643728, 1372643730, 1372643760, 1372643769, 1372643775, 1372643790, 1372643799, 1372643805, 1372643815, 1372643820, 1372643830, 1372643831, 1372643835, 1372643850, 1372643861, 1372643865, 1372643877, 1372643880, 1372643886, 1372643895, 1372643896, 1372643905, 1372643906, 1372643910, 1372643925]",20000653
65,217,"[1894, 1890, 2364, 10602, 10759, 10771, 10770, 2367, 3254, 3250, 616, 3245, 3252, 10087, 3261, 3249, 3204, 4976, 9160, 1899, 3243, 3210, 5281, 3221, 8167, 3240, 1902, 9155, 8659, 1907]","[1372643424, 1372643437, 1372643454, 1372643468, 1372643474, 1372643480, 1372643484, 1372643499, 1372643506, 1372643509, 1372643510, 1372643514, 1372643519, 1372643520, 1372643528, 1372643529, 1372643535, 1372643543, 1372643544, 1372643544, 1372643551, 1372643559, 1372643569, 1372643572, 1372643574, 1372643579, 1372643589, 1372643599, 1372643604, 1372643649]",20000571
66,271,"[467, 5436, 464, 1624, 4364, 1413, 5064, 5070, 1635, 1675, 1631, 1420, 173, 3876, 1629, 1469, 1393, 1476, 1386, 165, 168, 1432, 163, 3987, 3919, 6972, 6977, 3927, 6979, 8741, 6976, 1457, 9311, 6984, 2517, 1535, 6983, 1525, 8745, 6991, 9644, 189]","[1372643562, 1372643577, 1372643580, 1372643583, 1372643587, 1372643592, 1372643622, 1372643637, 1372643652, 1372643658, 1372643662, 1372643667, 1372643670, 1372643675, 1372643678, 1372643682, 1372643727, 1372643731, 1372643734, 1372643737, 1372643742, 1372643744, 1372643750, 1372643757, 1372643761, 1372643764, 1372643768, 1372643772, 1372643774, 1372643779, 1372643784, 1372643787, 1372643795, 1372643802, 1372643807, 1372643817, 1372643819, 1372643825, 1372643832, 1372643844, 1372643847, 1372643862]",20000570
67,71,"[10402, 7947, 7944, 7943, 7945, 586, 1305, 10403, 1862, 443, 446, 448, 3171, 450, 1968, 3200, 3156, 3205, 3207, 3304, 3301, 3212, 454, 9604, 1966, 1965, 1941, 428, 5279, 5273, 430, 7191, 417, 4891, 7117, 1945, 420, 426, 422, 5396, 424, 1951, 10412, 10420, 10421, 10416, 1956, 5468, 265, 5430, 5423, 5482, 5427, 11062, 5462, 5479, 5425, 6797, 9061, 182, 10811, 10742, 11084, 6751, 498, 496, 493, 9613, 7241, 495, 793, 798, 795, 797, 1612, 703, 11065, 704, 2493, 688, 689, 2444]","[1372643656, 1372643671, 1372643683, 1372643686, 1372643716, 1372643733, 1372643734, 1372643736, 1372643746, 1372643761, 1372643769, 1372643776, 1372643781, 1372643783, 1372643791, 1372643796, 1372643801, 1372643806, 1372643811, 1372643815, 1372643817, 1372643819, 1372643821, 1372643831, 1372643836, 1372643862, 1372643881, 1372643888, 1372643893, 1372643896, 1372643905, 1372643907, 1372643911, 1372643916, 1372643919, 1372643921, 1372643926, 1372643935, 1372643936, 1372643937, 1372643941, 1372643956, 1372643983, 1372643984, 1372643986, 1372644016, 1372644061, 1372644064, 1372644069, 1372644075, 1372644077, 1372644077, 1372644078, 1372644078, 1372644079, 1372644080, 1372644082, 1372644085, 1372644088, 1372644091, 1372644101, 1372644106, 1372644106, 1372644109, 1372644116, 1372644121, 1372644136, 1372644145, 1372644148, 1372644149, 1372644150, 1372644151, 1372644154, 1372644159, 1372644166, 1372644171, 1372644172, 1372644174, 1372644176, 1372644181, 1372644196, 1372644211]",20000492
68,99,"[3107, 5131, 5135, 7070, 7071, 7066, 7073, 7086, 7846, 822, 820, 3113, 5682, 5683, 818, 922, 162, 8512, 11011, 8508, 264, 9728, 9338, 10192, 10190, 5242, 7258, 10407, 10408, 8058, 5378, 5381, 7260]","[1372643825, 1372643915, 1372643930, 1372643945, 1372643954, 1372643958, 1372643960, 1372643988, 1372643990, 1372644005, 1372644016, 1372644020, 1372644027, 1372644033, 1372644035, 1372644037, 1372644050, 1372644065, 1372644080, 1372644086, 1372644092, 1372644095, 1372644100, 1372644110, 1372644111, 1372644120, 1372644121, 1372644124, 1372644125, 1372644140, 1372644185, 1372644200, 1372644215]",20000569
69,155,"[1327, 10232, 10235, 1321, 5604, 5593, 10521, 5581, 9422, 5577, 433, 8279, 434, 1318, 437, 438, 441, 586, 1305, 10403, 1862, 443, 445, 580, 10451, 741, 3127, 738, 5250, 73, 10708, 3112, 3106, 3108, 3101, 3109, 3104, 3107]","[1372643960, 1372643965, 1372643965, 1372643970, 1372643972, 1372643974, 1372643975, 1372643990, 1372643990, 1372643997, 1372644005, 1372644017, 1372644020, 1372644035, 1372644050, 1372644059, 1372644065, 1372644078, 1372644079, 1372644080, 1372644095, 1372644110, 1372644119, 1372644125, 1372644140, 1372644155, 1372644170, 1372644185, 1372644193, 1372644195, 1372644200, 1372644200, 1372644206, 1372644208, 1372644211, 1372644215, 1372644224, 1372644230]",20000545
70,75,"[8236, 5018, 4788, 18, 20, 8193, 8197, 8196, 56, 58, 24, 10082, 5130, 3103, 5132, 3091, 3093, 8244, 3352, 79, 76, 7714, 7930, 5503, 759, 762, 765]","[1372644235, 1372644252, 1372644265, 1372644280, 1372644285, 1372644295, 1372644298, 1372644310, 1372644325, 1372644340, 1372644370, 1372644380, 1372644385, 1372644397, 1372644400, 1372644415, 1372644419, 1372644430, 1372644439, 1372644445, 1372644490, 1372644520, 1372644530, 1372644535, 1372644550, 1372644565, 1372644580]",20000520
71,182,"[7856, 8501, 1068, 490, 238, 3417, 8489, 3416, 236, 232, 223, 222, 219, 1052, 9533, 215, 212, 208, 5617, 5622, 785, 786, 693, 2410, 7033, 689, 2444, 2485, 2441, 10495, 2478]","[1372644281, 1372644288, 1372644311, 1372644356, 1372644371, 1372644412, 1372644413, 1372644416, 1372644424, 1372644431, 1372644446, 1372644461, 1372644506, 1372644521, 1372644536, 1372644556, 1372644557, 1372644558, 1372644564, 1372644566, 1372644611, 1372644626, 1372644631, 1372644638, 1372644641, 1372644656, 1372644668, 1372644671, 1372644686, 1372644701, 1372644716]",20000320
72,143,"[8237, 6768, 1061, 91, 8299, 5502, 7930, 5503, 759, 762, 766, 8504, 7898, 864, 9102, 865, 949, 948, 7016, 867, 8771, 990, 980, 2157, 981, 8772, 4637, 4962, 10224, 2385, 10748, 10747, 10219]","[1372644302, 1372644316, 1372644317, 1372644337, 1372644341, 1372644362, 1372644377, 1372644385, 1372644392, 1372644407, 1372644422, 1372644452, 1372644453, 1372644458, 1372644469, 1372644475, 1372644482, 1372644513, 1372644524, 1372644537, 1372644542, 1372644557, 1372644587, 1372644596, 1372644606, 1372644617, 1372644618, 1372644632, 1372644647, 1372644648, 1372644649, 1372644653, 1372644662]",20000560
73,118,"[2410, 7033, 691, 687, 685, 7644, 3494, 707, 1493, 3448, 1488, 1486, 3451, 3455, 10480, 1734, 8495, 5690, 7037, 717, 713, 708, 5115, 720, 729, 2380, 8494, 7018, 727, 63, 7286, 6781, 7845, 732, 734, 772, 1684, 7780, 770, 7782, 7460, 6769, 737, 37, 8517, 837, 8275, 778, 8301, 777, 8276, 10300, 931, 10314, 6435, 937, 945, 933, 9738, 838, 7811, 6649, 942, 6648, 7808, 7809, 843, 7894, 7892, 7890, 846, 849, 853, 857, 8258, 8254, 7372, 978, 988, 8265, 1989, 1093, 6456, 10302, 10303, 10306, 4746, 2172, 4697, 4698, 4701, 8634, 4707, 4703, 6618, 7008]","[1372644311, 1372644326, 1372644341, 1372644356, 1372644371, 1372644386, 1372644394, 1372644401, 1372644411, 1372644416, 1372644421, 1372644427, 1372644431, 1372644446, 1372644453, 1372644457, 1372644460, 1372644461, 1372644469, 1372644476, 1372644482, 1372644488, 1372644491, 1372644506, 1372644521, 1372644530, 1372644531, 1372644535, 1372644536, 1372644546, 1372644551, 1372644563, 1372644566, 1372644581, 1372644596, 1372644611, 1372644614, 1372644615, 1372644625, 1372644626, 1372644636, 1372644640, 1372644641, 1372644646, 1372644649, 1372644652, 1372644656, 1372644656, 1372644671, 1372644689, 1372644692, 1372644716, 1372644727, 1372644731, 1372644739, 1372644741, 1372644746, 1372644761, 1372644761, 1372644791, 1372644794, 1372644806, 1372644821, 1372644822, 1372644822, 1372644822, 1372644824, 1372644824, 1372644824, 1372644824, 1372644825, 1372644826, 1372644826, 1372644827, 1372644827, 1372644827, 1372644828, 1372644828, 1372644829, 1372644830, 1372644831, 1372644831, 1372644832, 1372644832, 1372644832, 1372644832, 1372644832, 1372644833, 1372644833, 1372644834, 1372644834, 1372644835, 1372644835, 1372644836, 1372644836, 1372644911]",20000492
74,97,"[6649, 942, 6648, 7808, 7809, 843, 7894, 7891, 7882, 954, 7684, 6651, 6440, 968, 10596, 957, 960, 854, 850, 848, 7889, 7887, 7895, 842, 7814, 840, 9737, 934, 6763, 7493, 939, 943, 936, 6437, 10313, 932, 10299, 8274, 836, 8656, 8484, 779, 7939, 244, 8813, 7737, 8810, 7451, 241, 5498, 7008]","[1372644436, 1372644451, 1372644453, 1372644453, 1372644453, 1372644458, 1372644459, 1372644459, 1372644460, 1372644462, 1372644462, 1372644463, 1372644466, 1372644467, 1372644467, 1372644467, 1372644468, 1372644468, 1372644469, 1372644469, 1372644470, 1372644470, 1372644470, 1372644470, 1372644471, 1372644472, 1372644472, 1372644472, 1372644473, 1372644474, 1372644474, 1372644474, 1372644474, 1372644474, 1372644475, 1372644475, 1372644475, 1372644476, 1372644476, 1372644476, 1372644477, 1372644478, 1372644478, 1372644478, 1372644479, 1372644479, 1372644479, 1372644479, 1372644479, 1372644481, 1372644481]",20000112
75,82,"[837, 8275, 778, 8300, 8792, 7715, 8784, 947, 1059, 3360, 7931, 7713, 77, 7716, 8247, 8278, 8248, 5133, 111, 114, 4509, 1976, 3090, 569, 7945, 586]","[1372644476, 1372644515, 1372644521, 1372644531, 1372644532, 1372644536, 1372644551, 1372644561, 1372644563, 1372644566, 1372644581, 1372644611, 1372644626, 1372644633, 1372644640, 1372644641, 1372644644, 1372644652, 1372644656, 1372644686, 1372644701, 1372644709, 1372644714, 1372644715, 1372644716, 1372644731]",20000307
76,96,"[764, 4770, 863, 858, 860, 7897, 8487, 107, 93, 99, 2129, 8799, 122, 906, 4597, 4588, 572, 4594, 10243, 896, 10249, 1359]","[1372644655, 1372644663, 1372644670, 1372644700, 1372644715, 1372644727, 1372644730, 1372644760, 1372644775, 1372644785, 1372644790, 1372644799, 1372644805, 1372644820, 1372644865, 1372644880, 1372644891, 1372644895, 1372644905, 1372644910, 1372644925, 1372644940]",20000520
77,526,"[34, 38, 33, 35, 5655, 5651, 7840, 5654, 1055, 7287, 62, 726, 7019, 7022, 10775, 2379, 730, 719, 5116, 709, 714, 716, 7036, 5693, 8497, 5691, 1735, 10479, 3454, 3452, 1485, 1487, 3447, 1494, 706, 3493, 7236, 7647, 1612, 703]","[1372644810, 1372644825, 1372644855, 1372644870, 1372644872, 1372644872, 1372644873, 1372644874, 1372644885, 1372644897, 1372644900, 1372644909, 1372644911, 1372644915, 1372644918, 1372644930, 1372644945, 1372644969, 1372644975, 1372644990, 1372644997, 1372645005, 1372645010, 1372645016, 1372645017, 1372645020, 1372645021, 1372645026, 1372645035, 1372645050, 1372645065, 1372645072, 1372645080, 1372645085, 1372645095, 1372645110, 1372645140, 1372645170, 1372645185, 1372645230]",20000004
78,219,"[1061, 91, 8299, 5502, 7930, 5503, 759, 762, 766, 8504, 7898, 864, 9102, 866, 7016, 867, 8771, 990, 980, 2158, 2165, 4663, 2162, 4661, 4635, 10372, 2161, 2289, 8555, 2168, 2169, 2209, 2215, 2190, 5198, 2192, 4904, 4896, 4915, 4914, 10343, 2258]","[1372644996, 1372645041, 1372645071, 1372645086, 1372645126, 1372645146, 1372645161, 1372645176, 1372645191, 1372645216, 1372645219, 1372645236, 1372645246, 1372645251, 1372645261, 1372645265, 1372645266, 1372645296, 1372645326, 1372645332, 1372645341, 1372645356, 1372645362, 1372645364, 1372645371, 1372645379, 1372645386, 1372645403, 1372645416, 1372645443, 1372645446, 1372645471, 1372645474, 1372645476, 1372645484, 1372645491, 1372645506, 1372645528, 1372645536, 1372645551, 1372645581, 1372645626]",20000620
79,144,"[734, 772, 1684, 7780, 770, 7782, 7460, 6769, 737, 37, 8517, 837, 8275, 778, 8300, 8792, 7715, 8784, 946, 31, 92, 7825, 90, 3099, 3094, 3101, 3109, 3105, 3096, 10711, 7076, 4511, 1049, 881, 892, 880, 583, 443, 446, 448, 3171, 450, 1968, 3200, 3156, 3205, 3207, 3304, 3301, 3212, 454, 9604, 1966]","[1372645102, 1372645132, 1372645145, 1372645147, 1372645154, 1372645155, 1372645162, 1372645175, 1372645177, 1372645182, 1372645185, 1372645188, 1372645192, 1372645192, 1372645195, 1372645196, 1372645197, 1372645198, 1372645207, 1372645215, 1372645222, 1372645234, 1372645237, 1372645248, 1372645256, 1372645267, 1372645272, 1372645274, 1372645279, 1372645282, 1372645288, 1372645292, 1372645297, 1372645301, 1372645312, 1372645327, 1372645357, 1372645402, 1372645432, 1372645447, 1372645452, 1372645454, 1372645462, 1372645467, 1372645472, 1372645477, 1372645483, 1372645488, 1372645490, 1372645492, 1372645507, 1372645517, 1372645522]",20000671
80,423,"[5401, 7796, 5403, 5259, 376, 375, 538, 3312, 540, 541, 544, 8297, 5261, 547, 3144, 3162, 575, 10600, 3194, 3195, 3295, 10598, 3175, 1970, 8355, 8352, 576, 581, 8751, 582]","[1372645110, 1372645139, 1372645170, 1372645180, 1372645181, 1372645185, 1372645215, 1372645228, 1372645230, 1372645236, 1372645245, 1372645249, 1372645260, 1372645273, 1372645290, 1372645295, 1372645302, 1372645304, 1372645304, 1372645305, 1372645310, 1372645315, 1372645315, 1372645316, 1372645317, 1372645320, 1372645350, 1372645360, 1372645365, 1372645380]",20000542
81,116,"[7986, 10595, 7987, 47, 40, 42, 60, 10056, 872, 5698, 876, 10405]","[1372645426, 1372645456, 1372645473, 1372645486, 1372645516, 1372645523, 1372645531, 1372645561, 1372645606, 1372645617, 1372645621, 1372645636]",20000454
82,146,"[734, 772, 1684, 7780, 770, 7781, 6773, 6774, 7842, 6454, 834, 833, 6785, 7986, 10594, 69, 65, 6782, 7287, 62, 726, 7019, 7022, 10775, 2379, 730, 719, 5116, 709, 714, 715, 3425, 5142]","[1372645492, 1372645506, 1372645510, 1372645511, 1372645522, 1372645537, 1372645579, 1372645582, 1372645597, 1372645627, 1372645636, 1372645642, 1372645647, 1372645651, 1372645656, 1372645657, 1372645659, 1372645662, 1372645672, 1372645677, 1372645686, 1372645687, 1372645705, 1372645707, 1372645717, 1372645726, 1372645732, 1372645737, 1372645747, 1372645754, 1372645762, 1372645792, 1372645807]",20000171
83,211,"[10208, 684, 587, 10239, 10229, 1347, 10236, 997, 900, 904, 8280, 8279, 434, 1318, 437, 438, 441, 586, 1305, 10403, 1862, 443, 445]","[1372645583, 1372645613, 1372645658, 1372645673, 1372645686, 1372645688, 1372645703, 1372645710, 1372645718, 1372645733, 1372645744, 1372645748, 1372645749, 1372645763, 1372645778, 1372645793, 1372645808, 1372645837, 1372645838, 1372645841, 1372645853, 1372645868, 1372645883]",20000007
84,115,"[737, 38, 34, 37, 8517, 837, 8275, 778, 8300, 8792, 7715, 8784, 946, 31, 92, 7825, 90, 3099, 3094, 3101, 3109, 3105, 3096, 10711, 7076, 4511, 1049, 881, 892, 879, 8733, 2365, 1857, 911, 10444, 10447, 10446, 645, 635, 648, 2095, 7452, 2140, 2104, 2323, 2102, 10997, 2136, 2804, 9646, 2319, 8542, 8546, 2326, 2317, 2315]","[1372646173, 1372646188, 1372646195, 1372646202, 1372646205, 1372646210, 1372646214, 1372646214, 1372646218, 1372646219, 1372646220, 1372646221, 1372646233, 1372646248, 1372646255, 1372646263, 1372646278, 1372646323, 1372646338, 1372646345, 1372646348, 1372646348, 1372646351, 1372646353, 1372646358, 1372646361, 1372646365, 1372646368, 1372646383, 1372646398, 1372646406, 1372646409, 1372646411, 1372646413, 1372646437, 1372646443, 1372646450, 1372646458, 1372646469, 1372646473, 1372646477, 1372646482, 1372646488, 1372646501, 1372646503, 1372646518, 1372646532, 1372646533, 1372646543, 1372646548, 1372646548, 1372646557, 1372646563, 1372646578, 1372646653, 1372646728]",20000686
85,149,"[1159, 9441, 1150, 1153, 1688, 1156, 7643, 7646, 703, 11065, 704, 2493, 688, 690, 7032, 2409, 693, 2410, 7033, 691, 687, 686, 7049, 7047, 1687, 1154, 1151, 3587, 1052]","[1372646454, 1372646470, 1372646484, 1372646489, 1372646499, 1372646514, 1372646557, 1372646559, 1372646567, 1372646567, 1372646569, 1372646570, 1372646574, 1372646579, 1372646588, 1372646589, 1372646604, 1372646694, 1372646799, 1372646809, 1372646814, 1372646817, 1372646822, 1372646823, 1372646829, 1372646844, 1372646859, 1372646874, 1372646889]",20000574
86,207,"[1966, 1964, 544, 8297, 5261, 547, 3144, 3162, 575, 10600, 3194, 3195, 3295, 10598, 3175, 1970, 8355, 8352, 576, 581, 8751, 582, 584, 7944, 7942, 568, 570, 572, 4594, 10244, 2020, 1349, 900, 904, 8280, 8279, 435, 1288]","[1372646567, 1372646597, 1372646615, 1372646627, 1372646642, 1372646645, 1372646649, 1372646657, 1372646667, 1372646670, 1372646671, 1372646672, 1372646702, 1372646712, 1372646714, 1372646716, 1372646717, 1372646721, 1372646723, 1372646732, 1372646738, 1372646747, 1372646769, 1372646773, 1372646774, 1372646777, 1372646783, 1372646790, 1372646792, 1372646807, 1372646811, 1372646813, 1372646822, 1372646828, 1372646835, 1372646837, 1372646852, 1372646867]",20000520
87,187,"[3016, 3018, 3021, 3039, 3041, 3087, 3082, 6939, 3083, 459, 1193, 9466, 5588, 5573, 10549, 10551, 5560, 828, 8284, 128, 129, 8291, 633, 8033, 8292, 5109, 5005, 134, 135, 144, 138, 9257, 1982, 315, 7902, 7903, 2695, 9406, 2698, 2699, 4152, 2682, 2683, 5806, 5814, 2701, 5810, 2704, 7128, 9337, 9334, 2712, 8945, 5805, 10858, 2709, 10860, 8943, 10863, 4369, 8939, 2693, 8053, 2708, 4118, 4129, 4123, 4128, 6826, 6831, 6828]","[1372646651, 1372646681, 1372646711, 1372646726, 1372646741, 1372646746, 1372646756, 1372646786, 1372646816, 1372646831, 1372646840, 1372646845, 1372646846, 1372646861, 1372646876, 1372646886, 1372646887, 1372646891, 1372646906, 1372646925, 1372646936, 1372646951, 1372646981, 1372646996, 1372647011, 1372647017, 1372647026, 1372647041, 1372647086, 1372647098, 1372647101, 1372647120, 1372647131, 1372647141, 1372647146, 1372647146, 1372647152, 1372647158, 1372647161, 1372647167, 1372647176, 1372647191, 1372647197, 1372647205, 1372647206, 1372647210, 1372647211, 1372647217, 1372647219, 1372647221, 1372647227, 1372647229, 1372647232, 1372647236, 1372647237, 1372647239, 1372647245, 1372647246, 1372647249, 1372647251, 1372647258, 1372647262, 1372647266, 1372647283, 1372647296, 1372647300, 1372647311, 1372647356, 1372647368, 1372647370, 1372647371]",20000688
88,139,"[7946, 584, 7944, 7943, 7945, 586, 1306, 1180, 1310, 2284, 1179, 1264, 8760, 1265, 1178, 10455, 5827, 9419, 1177, 3003, 1175, 1701, 7269, 1109, 1222, 10550, 5564, 5568, 1181, 1183, 1200, 1810, 1188, 5551, 1820]","[1372647636, 1372647651, 1372647674, 1372647681, 1372647711, 1372647754, 1372647756, 1372647768, 1372647771, 1372647785, 1372647786, 1372647801, 1372647811, 1372647812, 1372647827, 1372647831, 1372647846, 1372647850, 1372647851, 1372647851, 1372647861, 1372647870, 1372647876, 1372647891, 1372647899, 1372647903, 1372647904, 1372647906, 1372647912, 1372647917, 1372647921, 1372647931, 1372647936, 1372647951, 1372647966]",20000621
89,135,"[7946, 584, 7944, 7943, 7945, 586, 1305, 10403, 1862, 443, 446, 448, 3171, 450, 1968, 3200, 3156, 3205, 3207, 3304, 3301, 3212, 454, 9604, 1966]","[1372647683, 1372647698, 1372647721, 1372647728, 1372647758, 1372647784, 1372647785, 1372647788, 1372647803, 1372647818, 1372647826, 1372647833, 1372647838, 1372647840, 1372647848, 1372647853, 1372647858, 1372647863, 1372647868, 1372647872, 1372647874, 1372647876, 1372647878, 1372647888, 1372647893]",20000492
90,276,"[3099, 3094, 3101, 3109, 3105, 3096, 10711, 7078, 74, 10404, 744]","[1372647874, 1372647904, 1372647911, 1372647914, 1372647914, 1372647917, 1372647919, 1372647934, 1372647938, 1372647949, 1372647979]",20000195
91,126,"[933, 9738, 841, 7741, 8502, 7739, 761, 3355, 947, 1059, 3360, 7931, 7713, 77, 7716, 8247, 8277, 7292]","[1372647913, 1372647928, 1372647943, 1372647958, 1372647968, 1372647973, 1372648003, 1372648018, 1372648027, 1372648036, 1372648048, 1372648078, 1372648087, 1372648093, 1372648108, 1372648121, 1372648123, 1372648153]",20000307
92,193,"[3438, 9720, 3439, 1164, 3428, 5645, 5688, 5690, 7037, 717, 713, 710, 1167, 718, 721, 70, 3280, 61, 51, 39, 43, 45, 63, 7286, 6781, 7845, 732, 734, 772, 1684, 7780, 770, 7781, 6772, 6778, 1973, 7958, 68, 6779]","[1372648404, 1372648419, 1372648434, 1372648449, 1372648460, 1372648464, 1372648479, 1372648509, 1372648517, 1372648524, 1372648532, 1372648539, 1372648554, 1372648569, 1372648576, 1372648579, 1372648584, 1372648614, 1372648659, 1372648662, 1372648663, 1372648664, 1372648665, 1372648665, 1372648666, 1372648666, 1372648667, 1372648669, 1372648670, 1372648670, 1372648670, 1372648671, 1372648671, 1372648672, 1372648673, 1372648673, 1372648674, 1372648674, 1372648704]",20000503
93,238,"[2440, 2410, 7033, 691, 687, 685, 7643, 7645, 7237, 7239, 7240, 9614, 494, 8528, 11085, 501, 502, 504, 11084, 6751, 498, 497, 509, 507, 10105, 5393, 137, 5113, 10169, 5117, 133, 2115, 627, 651, 653, 629, 630, 8289, 641, 131, 8287, 2048, 8283, 126, 8, 2041, 6837, 2005, 5291, 2148, 10088, 2156, 6847, 6849, 6253, 6244, 6236, 6234, 6155, 4964, 6108, 4952, 4916, 8709, 8703, 4949, 8689, 4944, 10322, 4954, 4929, 4955, 6049, 4956, 10321, 4946, 4918, 4923, 8683, 4958, 6018]","[1372648496, 1372648510, 1372648526, 1372648541, 1372648552, 1372648556, 1372648566, 1372648566, 1372648567, 1372648569, 1372648571, 1372648575, 1372648586, 1372648589, 1372648597, 1372648597, 1372648600, 1372648601, 1372648605, 1372648607, 1372648612, 1372648616, 1372648627, 1372648631, 1372648646, 1372648661, 1372648676, 1372648706, 1372648716, 1372648721, 1372648723, 1372648727, 1372648734, 1372648736, 1372648736, 1372648737, 1372648744, 1372648751, 1372648766, 1372648777, 1372648781, 1372648803, 1372648811, 1372648817, 1372648826, 1372648841, 1372648850, 1372648853, 1372648856, 1372648861, 1372648871, 1372648875, 1372648885, 1372648886, 1372648892, 1372648898, 1372648901, 1372648916, 1372648931, 1372648945, 1372648946, 1372648961, 1372648976, 1372648980, 1372648991, 1372649006, 1372649021, 1372649036, 1372649040, 1372649051, 1372649073, 1372649096, 1372649111, 1372649126, 1372649141, 1372649147, 1372649156, 1372649161, 1372649164, 1372649171, 1372649186]",20000101
94,215,"[5574, 5579, 5593, 10521, 5581, 9422, 5577, 433, 8279, 434, 1318, 437, 438, 441, 586, 1305, 10403, 1862, 443, 445, 581, 8752]","[1372648539, 1372648549, 1372648554, 1372648555, 1372648560, 1372648561, 1372648569, 1372648578, 1372648583, 1372648584, 1372648590, 1372648594, 1372648599, 1372648659, 1372648672, 1372648673, 1372648674, 1372648680, 1372648689, 1372648704, 1372648719, 1372648734]",20000632
95,227,"[584, 7944, 7943, 7945, 586, 1305, 10403, 1862, 443, 446, 448, 3171, 450, 1968, 3200, 3156, 3205, 3207, 3304, 3301, 3212, 452, 3228, 3219, 3225, 9108]","[1372648677, 1372648688, 1372648692, 1372648722, 1372648737, 1372648738, 1372648741, 1372648752, 1372648767, 1372648775, 1372648782, 1372648787, 1372648789, 1372648797, 1372648805, 1372648812, 1372648820, 1372648827, 1372648834, 1372648836, 1372648839, 1372648842, 1372648872, 1372648882, 1372648887, 1372648902]",20000492
96,250,"[56, 57, 5135, 7070, 7071, 7066, 7073, 7086, 7846, 822, 820, 3113, 5682, 5683, 818, 922, 162, 8512, 11011, 8508, 264, 9728, 9338, 10192, 10190, 5242, 7258, 10407, 10408, 8058, 5377, 1957]","[1372648688, 1372648703, 1372648718, 1372648725, 1372648730, 1372648732, 1372648733, 1372648755, 1372648756, 1372648763, 1372648774, 1372648778, 1372648784, 1372648789, 1372648790, 1372648793, 1372648823, 1372648827, 1372648834, 1372648838, 1372648843, 1372648847, 1372648853, 1372648880, 1372648883, 1372648893, 1372648894, 1372648896, 1372648897, 1372648898, 1372648941, 1372648958]",20000308
97,159,"[2333, 10242, 7024, 7333, 9241, 10518, 10222, 10219, 10746, 2385, 10749, 898, 10227, 587, 10239, 10229, 1347, 10237, 903, 1339, 1327, 10232, 10235, 1321, 5603, 5585, 5569, 5566, 2145, 2010, 2001, 2009, 6837, 2005, 5291, 2148, 10088, 2155, 2226, 2222, 2228, 6433, 2220, 2230, 2229, 6880, 6885, 346, 348, 349, 661, 663, 8922, 664, 6289, 5247, 5245, 352, 10471]","[1372648701, 1372648716, 1372648726, 1372648727, 1372648731, 1372648738, 1372648741, 1372648746, 1372648766, 1372648773, 1372648776, 1372648779, 1372648781, 1372648784, 1372648786, 1372648791, 1372648792, 1372648797, 1372648800, 1372648803, 1372648806, 1372648820, 1372648821, 1372648826, 1372648828, 1372648830, 1372648835, 1372648836, 1372648839, 1372648849, 1372648850, 1372648851, 1372648851, 1372648853, 1372648856, 1372648859, 1372648866, 1372648869, 1372648869, 1372648880, 1372648881, 1372648892, 1372648894, 1372648895, 1372648896, 1372648907, 1372648911, 1372648913, 1372648921, 1372648926, 1372648935, 1372648937, 1372648941, 1372648942, 1372648956, 1372648971, 1372649031, 1372649041, 1372649046]",20000333
98,185,"[10402, 7946, 585, 755, 1976, 3090, 569, 7945, 586, 1305, 10403, 1862, 443, 446, 448, 3171, 450, 1968, 3200, 3156, 3205, 3207, 3304, 3301, 3212, 454, 9604, 1966]","[1372648789, 1372648834, 1372648866, 1372649029, 1372649059, 1372649082, 1372649085, 1372649089, 1372649123, 1372649125, 1372649129, 1372649149, 1372649164, 1372649179, 1372649187, 1372649192, 1372649194, 1372649201, 1372649205, 1372649209, 1372649217, 1372649224, 1372649231, 1372649233, 1372649236, 1372649239, 1372649254, 1372649269]",20000621
99,251,"[1515, 1514, 5062, 4363, 4052, 4367, 5064, 5070, 1635, 1675, 1631, 1420, 173, 3876, 1629, 1469, 1393, 1476, 1386, 165, 167, 3951, 3832, 1610, 700, 1606, 1690, 3870, 2582, 2574, 2562, 698, 1649, 2579, 1638, 2462, 697, 1651, 3595, 7027, 695, 788, 693, 2410, 7033, 689, 2444, 2485, 2441, 10495, 2479, 2438]","[1372648996, 1372649026, 1372649031, 1372649033, 1372649041, 1372649056, 1372649071, 1372649078, 1372649086, 1372649101, 1372649104, 1372649107, 1372649110, 1372649114, 1372649116, 1372649131, 1372649170, 1372649191, 1372649195, 1372649199, 1372649206, 1372649211, 1372649221, 1372649224, 1372649227, 1372649231, 1372649236, 1372649243, 1372649251, 1372649258, 1372649266, 1372649278, 1372649280, 1372649281, 1372649286, 1372649293, 1372649296, 1372649307, 1372649308, 1372649309, 1372649311, 1372649316, 1372649320, 1372649326, 1372649341, 1372649352, 1372649356, 1372649371, 1372649386, 1372649394, 1372649401, 1372649431]",20000657
